Seq	AOU	English_Common_Name	French_Common_Name	Spanish_Common_Name	order	family	genus	species
6	01770	Black-bellied Whistling-Duck	Dendrocygne à ventre noir	Dendrocygna autumnalis	Anseriformes	Anatidae	Dendrocygna	Dendrocygna autumnalis
7	01780	Fulvous Whistling-Duck	Dendrocygne fauve	Dendrocygna bicolor	Anseriformes	Anatidae	Dendrocygna	Dendrocygna bicolor
8	01760	Emperor Goose	Oie empereur	Anser canagicus	Anseriformes	Anatidae	Anser	Anser canagicus
9	01690	Snow Goose	Oie des neiges	Anser caerulescens	Anseriformes	Anatidae	Anser	Anser caerulescens
10	01691	(Blue Goose) Snow Goose	Oie des neiges (forme bleue)	Chen caerulescens (blue form)	Anseriformes	Anatidae	Chen	Chen caerulescens (blue form)
11	01700	Ross's Goose	Oie de Ross	Anser rossii	Anseriformes	Anatidae	Anser	Anser rossii
13	01710	Greater White-fronted Goose	Oie rieuse	Anser albifrons	Anseriformes	Anatidae	Anser	Anser albifrons
18	01730	Brant	Bernache cravant	Branta bernicla	Anseriformes	Anatidae	Branta	Branta bernicla
19	01740	(Black Brant) Brant	Bernache cravant (groupe nigricans)	Branta bernicla nigricans	Anseriformes	Anatidae	Branta	Branta bernicla nigricans
21	01725	Cackling Goose	Bernache de Hutchins	Branta hutchinsii	Anseriformes	Anatidae	Branta	Branta hutchinsii
22	01720	Canada Goose	Bernache du Canada	Branta canadensis	Anseriformes	Anatidae	Branta	Branta canadensis
23	01782	Mute Swan	Cygne tuberculé	Cygnus olor	Anseriformes	Anatidae	Cygnus	Cygnus olor
24	01810	Trumpeter Swan	Cygne trompette	Cygnus buccinator	Anseriformes	Anatidae	Cygnus	Cygnus buccinator
25	01800	Tundra Swan	Cygne siffleur	Cygnus columbianus	Anseriformes	Anatidae	Cygnus	Cygnus columbianus
28	10210	Muscovy Duck	Canard musqué	Cairina moschata	Anseriformes	Anatidae	Cairina	Cairina moschata
29	01440	Wood Duck	Canard branchu	Aix sponsa	Anseriformes	Anatidae	Aix	Aix sponsa
32	01400	Blue-winged Teal	Sarcelle à ailes bleues	Spatula discors	Anseriformes	Anatidae	Spatula	Spatula discors
33	01410	Cinnamon Teal	Sarcelle cannelle	Spatula cyanoptera	Anseriformes	Anatidae	Spatula	Spatula cyanoptera
34	01420	Northern Shoveler	Canard souchet	Spatula clypeata	Anseriformes	Anatidae	Spatula	Spatula clypeata
35	01350	Gadwall	Canard chipeau	Mareca strepera	Anseriformes	Anatidae	Mareca	Mareca strepera
37	01360	Eurasian Wigeon	Canard siffleur	Mareca penelope	Anseriformes	Anatidae	Mareca	Mareca penelope
38	01370	American Wigeon	Canard d'Amérique	Mareca americana	Anseriformes	Anatidae	Mareca	Mareca americana
40	01320	Mallard	Canard colvert	Anas platyrhynchos	Anseriformes	Anatidae	Anas	Anas platyrhynchos
41	01331	(Mexican Duck) Mallard	Canard du Mexique	Anas platyrhynchos diazi	Anseriformes	Anatidae	Anas	Anas platyrhynchos diazi
42	01330	American Black Duck	Canard noir	Anas rubripes	Anseriformes	Anatidae	Anas	Anas rubripes
43	01340	Mottled Duck	Canard brun	Anas fulvigula	Anseriformes	Anatidae	Anas	Anas fulvigula
44	01326	hybrid Mallard x Black Duck or Mottled Duck	hybride Canard colvert x Canard noir	Anas platyrhynchos x rubripes or fulvigula	Anseriformes	Anatidae	Anas	Anas platyrhynchos x rubripes or fulvigula
46	01430	Northern Pintail	Canard pilet	Anas acuta	Anseriformes	Anatidae	Anas	Anas acuta
47	01390	Green-winged Teal	Sarcelle d'hiver	Anas crecca	Anseriformes	Anatidae	Anas	Anas crecca
48	01470	Canvasback	Fuligule à dos blanc	Aythya valisineria	Anseriformes	Anatidae	Aythya	Aythya valisineria
49	01460	Redhead	Fuligule à tête rouge	Aythya americana	Anseriformes	Anatidae	Aythya	Aythya americana
51	01500	Ring-necked Duck	Fuligule à collier	Aythya collaris	Anseriformes	Anatidae	Aythya	Aythya collaris
52	01491	Tufted Duck	Fuligule morillon	Aythya fuligula	Anseriformes	Anatidae	Aythya	Aythya fuligula
53	01480	Greater Scaup	Fuligule milouinan	Aythya marila	Anseriformes	Anatidae	Aythya	Aythya marila
54	01490	Lesser Scaup	Petit Fuligule	Aythya affinis	Anseriformes	Anatidae	Aythya	Aythya affinis
55	01489	unid. Greater Scaup / Lesser Scaup	unid Fuligule milouinan / Petit Fuligule	Aythya marila / affinis	Anseriformes	Anatidae	Aythya	Aythya marila / affinis
58	01620	King Eider	Eider à tête grise	Somateria spectabilis	Anseriformes	Anatidae	Somateria	Somateria spectabilis
59	01590	Common Eider	Eider à duvet	Somateria mollissima	Anseriformes	Anatidae	Somateria	Somateria mollissima
60	01550	Harlequin Duck	Arlequin plongeur	Histrionicus histrionicus	Anseriformes	Anatidae	Histrionicus	Histrionicus histrionicus
61	01660	Surf Scoter	Macreuse à front blanc	Melanitta perspicillata	Anseriformes	Anatidae	Melanitta	Melanitta perspicillata
62	01650	White-winged Scoter	Macreuse brune	Melanitta fusca	Anseriformes	Anatidae	Melanitta	Melanitta fusca
64	01630	Black Scoter	Macreuse à bec jaune	Melanitta americana	Anseriformes	Anatidae	Melanitta	Melanitta americana
65	01657	unid. scoter	unid macreuse sp.	Melanitta perspicillata / fusca / americana	Anseriformes	Anatidae	Melanitta	Melanitta perspicillata / fusca / americana
66	01540	Long-tailed Duck	Harelde kakawi	Clangula hyemalis	Anseriformes	Anatidae	Clangula	Clangula hyemalis
67	01530	Bufflehead	Petit Garrot	Bucephala albeola	Anseriformes	Anatidae	Bucephala	Bucephala albeola
68	01510	Common Goldeneye	Garrot à oeil d'or	Bucephala clangula	Anseriformes	Anatidae	Bucephala	Bucephala clangula
69	01520	Barrow's Goldeneye	Garrot d'Islande	Bucephala islandica	Anseriformes	Anatidae	Bucephala	Bucephala islandica
70	01512	unid. Common Goldeneye / Barrow's Goldeneye	unid Garrot à oeil d'or / Garrot d'Islande	Bucephala clangula / islandica	Anseriformes	Anatidae	Bucephala	Bucephala clangula / islandica
72	01310	Hooded Merganser	Harle couronné	Lophodytes cucullatus	Anseriformes	Anatidae	Lophodytes	Lophodytes cucullatus
73	01290	Common Merganser	Grand Harle	Mergus merganser	Anseriformes	Anatidae	Mergus	Mergus merganser
74	01300	Red-breasted Merganser	Harle huppé	Mergus serrator	Anseriformes	Anatidae	Mergus	Mergus serrator
76	01670	Ruddy Duck	Érismature rousse	Oxyura jamaicensis	Anseriformes	Anatidae	Oxyura	Oxyura jamaicensis
77	03110	Plain Chachalaca	Ortalide chacamel	Ortalis vetula	Galliformes	Cracidae	Ortalis	Ortalis vetula
85	02920	Mountain Quail	Colin des montagnes	Oreortyx pictus	Galliformes	Odontophoridae	Oreortyx	Oreortyx pictus
90	02890	Northern Bobwhite	Colin de Virginie	Colinus virginianus	Galliformes	Odontophoridae	Colinus	Colinus virginianus
92	02930	Scaled Quail	Colin écaillé	Callipepla squamata	Galliformes	Odontophoridae	Callipepla	Callipepla squamata
94	02940	California Quail	Colin de Californie	Callipepla californica	Galliformes	Odontophoridae	Callipepla	Callipepla californica
95	02950	Gambel's Quail	Colin de Gambel	Callipepla gambelii	Galliformes	Odontophoridae	Callipepla	Callipepla gambelii
96	02960	Montezuma Quail	Colin arlequin	Cyrtonyx montezumae	Galliformes	Odontophoridae	Cyrtonyx	Cyrtonyx montezumae
100	02882	Chukar	Perdrix choukar	Alectoris chukar	Galliformes	Phasianidae	Alectoris	Alectoris chukar
103	02881	Gray Partridge	Perdrix grise	Perdix perdix	Galliformes	Phasianidae	Perdix	Perdix perdix
104	03091	Ring-necked Pheasant	Faisan de Colchide	Phasianus colchicus	Galliformes	Phasianidae	Phasianus	Phasianus colchicus
105	03095	Indian Peafowl	Paon bleu	Pavo cristatus	Galliformes	Phasianidae	Pavo	Pavo cristatus
106	03000	Ruffed Grouse	Gélinotte huppée	Bonasa umbellus	Galliformes	Phasianidae	Bonasa	Bonasa umbellus
107	03090	Greater Sage-Grouse	Tétras des armoises	Centrocercus urophasianus	Galliformes	Phasianidae	Centrocercus	Centrocercus urophasianus
108	03089	Gunnison Sage-Grouse	Tétras du Gunnison	Centrocercus minimus	Galliformes	Phasianidae	Centrocercus	Centrocercus minimus
109	02980	Spruce Grouse	Tétras du Canada	Falcipennis canadensis	Galliformes	Phasianidae	Falcipennis	Falcipennis canadensis
110	03010	Willow Ptarmigan	Lagopède des saules	Lagopus lagopus	Galliformes	Phasianidae	Lagopus	Lagopus lagopus
111	03020	Rock Ptarmigan	Lagopède alpin	Lagopus muta	Galliformes	Phasianidae	Lagopus	Lagopus muta
112	03040	White-tailed Ptarmigan	Lagopède à queue blanche	Lagopus leucura	Galliformes	Phasianidae	Lagopus	Lagopus leucura
113	02970	Dusky Grouse	Tétras sombre	Dendragapus obscurus	Galliformes	Phasianidae	Dendragapus	Dendragapus obscurus
114	02971	Sooty Grouse	Tétras fuligineux	Dendragapus fuliginosus	Galliformes	Phasianidae	Dendragapus	Dendragapus fuliginosus
115	02973	unid. Dusky Grouse / Sooty Grouse	unid Tétras sombre / Tétras fuligineux	Dendragapus obscurus / fuliginosus	Galliformes	Phasianidae	Dendragapus	Dendragapus obscurus / fuliginosus
116	03080	Sharp-tailed Grouse	Tétras à queue fine	Tympanuchus phasianellus	Galliformes	Phasianidae	Tympanuchus	Tympanuchus phasianellus
117	03050	Greater Prairie-Chicken	Tétras des prairies	Tympanuchus cupido	Galliformes	Phasianidae	Tympanuchus	Tympanuchus cupido
118	03070	Lesser Prairie-Chicken	Tétras pâle	Tympanuchus pallidicinctus	Galliformes	Phasianidae	Tympanuchus	Tympanuchus pallidicinctus
119	03100	Wild Turkey	Dindon sauvage	Meleagris gallopavo	Galliformes	Phasianidae	Meleagris	Meleagris gallopavo
122	00050	Least Grebe	Grèbe minime	Tachybaptus dominicus	Podicipediformes	Podicipedidae	Tachybaptus	Tachybaptus dominicus
123	00060	Pied-billed Grebe	Grèbe à bec bigarré	Podilymbus podiceps	Podicipediformes	Podicipedidae	Podilymbus	Podilymbus podiceps
124	00030	Horned Grebe	Grèbe esclavon	Podiceps auritus	Podicipediformes	Podicipedidae	Podiceps	Podiceps auritus
125	00020	Red-necked Grebe	Grèbe jougris	Podiceps grisegena	Podicipediformes	Podicipedidae	Podiceps	Podiceps grisegena
126	00040	Eared Grebe	Grèbe à cou noir	Podiceps nigricollis	Podicipediformes	Podicipedidae	Podiceps	Podiceps nigricollis
127	00010	Western Grebe	Grèbe élégant	Aechmophorus occidentalis	Podicipediformes	Podicipedidae	Aechmophorus	Aechmophorus occidentalis
128	00011	Clark's Grebe	Grèbe à face blanche	Aechmophorus clarkii	Podicipediformes	Podicipedidae	Aechmophorus	Aechmophorus clarkii
129	00012	unid. Western Grebe / Clark's Grebe	unid Grèbe élégant / Grèbe à face blanche	Aechmophorus occidentalis / clarkii	Podicipediformes	Podicipedidae	Aechmophorus	Aechmophorus occidentalis / clarkii
130	03131	Rock Pigeon	Pigeon biset	Columba livia	Columbiformes	Columbidae	Columba	Columba livia
134	03140	White-crowned Pigeon	Pigeon à couronne blanche	Patagioenas leucocephala	Columbiformes	Columbidae	Patagioenas	Patagioenas leucocephala
135	03130	Red-billed Pigeon	Pigeon à bec rouge	Patagioenas flavirostris	Columbiformes	Columbidae	Patagioenas	Patagioenas flavirostris
136	03120	Band-tailed Pigeon	Pigeon à queue barrée	Patagioenas fasciata	Columbiformes	Columbidae	Patagioenas	Patagioenas fasciata
139	03152	African Collared-Dove (a.k.a. Ringed Turtle-Dove)	Tourterelle rieuse	Streptopelia roseogrisea	Columbiformes	Columbidae	Streptopelia	Streptopelia roseogrisea
141	22860	Eurasian Collared-Dove	Tourterelle turque	Streptopelia decaocto	Columbiformes	Columbidae	Streptopelia	Streptopelia decaocto
142	03151	Spotted Dove	Tourterelle tigrine	Streptopelia chinensis	Columbiformes	Columbidae	Streptopelia	Streptopelia chinensis
143	03210	Inca Dove	Colombe inca	Columbina inca	Columbiformes	Columbidae	Columbina	Columbina inca
144	03200	Common Ground-Dove	Colombe à queue noire	Columbina passerina	Columbiformes	Columbidae	Columbina	Columbina passerina
146	03201	Ruddy Ground-Dove	Colombe rousse	Columbina talpacoti	Columbiformes	Columbidae	Columbina	Columbina talpacoti
151	03180	White-tipped Dove	Colombe de Verreaux	Leptotila verreauxi	Columbiformes	Columbidae	Leptotila	Leptotila verreauxi
157	03190	White-winged Dove	Tourterelle à ailes blanches	Zenaida asiatica	Columbiformes	Columbidae	Zenaida	Zenaida asiatica
159	03160	Mourning Dove	Tourterelle triste	Zenaida macroura	Columbiformes	Columbidae	Zenaida	Zenaida macroura
165	03870	Yellow-billed Cuckoo	Coulicou à bec jaune	Coccyzus americanus	Cuculiformes	Cuculidae	Coccyzus	Coccyzus americanus
166	03860	Mangrove Cuckoo	Coulicou manioc	Coccyzus minor	Cuculiformes	Cuculidae	Coccyzus	Coccyzus minor
167	03880	Black-billed Cuckoo	Coulicou à bec noir	Coccyzus erythropthalmus	Cuculiformes	Cuculidae	Coccyzus	Coccyzus erythropthalmus
168	03875	unid. Yellow-billed Cuckoo / Black-billed Cuckoo	unid Coulicou à bec jaune / Coulicou à bec noir	Coccyzus americanus / erythropthalmus	Cuculiformes	Cuculidae	Coccyzus	Coccyzus americanus / erythropthalmus
173	03850	Greater Roadrunner	Grand Géocoucou	Geococcyx californianus	Cuculiformes	Cuculidae	Geococcyx	Geococcyx californianus
174	03830	Smooth-billed Ani	Ani à bec lisse	Crotophaga ani	Cuculiformes	Cuculidae	Crotophaga	Crotophaga ani
175	03840	Groove-billed Ani	Ani à bec cannelé	Crotophaga sulcirostris	Cuculiformes	Cuculidae	Crotophaga	Crotophaga sulcirostris
177	04210	Lesser Nighthawk	Engoulevent minime	Chordeiles acutipennis	Caprimulgiformes	Caprimulgidae	Chordeiles	Chordeiles acutipennis
178	04200	Common Nighthawk	Engoulevent d'Amérique	Chordeiles minor	Caprimulgiformes	Caprimulgidae	Chordeiles	Chordeiles minor
179	04201	Antillean Nighthawk	Engoulevent piramidig	Chordeiles gundlachii	Caprimulgiformes	Caprimulgidae	Chordeiles	Chordeiles gundlachii
180	04205	unid. Lesser Nighthawk / Common Nighthawk	unid Engoulevent minime / Engoulevent d'Amérique	Chordeiles acutipennis / minor	Caprimulgiformes	Caprimulgidae	Chordeiles	Chordeiles acutipennis / minor
181	04206	unid. Common Nighthawk / Antillean Nighthawk	unid Engoulevent d'Amérique / piramidig	Chordeiles minor / gundlachii	Caprimulgiformes	Caprimulgidae	Chordeiles	Chordeiles minor / gundlachii
182	04190	Common Pauraque	Engoulevent pauraqué	Nyctidromus albicollis	Caprimulgiformes	Caprimulgidae	Nyctidromus	Nyctidromus albicollis
183	04180	Common Poorwill	Engoulevent de Nuttall	Phalaenoptilus nuttallii	Caprimulgiformes	Caprimulgidae	Phalaenoptilus	Phalaenoptilus nuttallii
186	04160	Chuck-will's-widow	Engoulevent de Caroline	Antrostomus carolinensis	Caprimulgiformes	Caprimulgidae	Antrostomus	Antrostomus carolinensis
190	04171	Eastern Whip-poor-will	Engoulevent bois-pourri	Antrostomus vociferus	Caprimulgiformes	Caprimulgidae	Antrostomus	Antrostomus vociferus
191	04172	Mexican Whip-poor-will	Engoulevent d'Arizona	Antrostomus arizonae	Caprimulgiformes	Caprimulgidae	Antrostomus	Antrostomus arizonae
196	04220	Black Swift	Martinet sombre	Cypseloides niger	Apodiformes	Apodidae	Cypseloides	Cypseloides niger
201	04230	Chimney Swift	Martinet ramoneur	Chaetura pelagica	Apodiformes	Apodidae	Chaetura	Chaetura pelagica
202	04240	Vaux's Swift	Martinet de Vaux	Chaetura vauxi	Apodiformes	Apodidae	Chaetura	Chaetura vauxi
206	04250	White-throated Swift	Martinet à gorge blanche	Aeronautes saxatalis	Apodiformes	Apodidae	Aeronautes	Aeronautes saxatalis
219	04260	Rivoli's Hummingbird	Colibri de Rivoli	Eugenes fulgens	Apodiformes	Trochilidae	Eugenes	Eugenes fulgens
224	04270	Blue-throated Hummingbird	Colibri à gorge bleue	Lampornis clemenciae	Apodiformes	Trochilidae	Lampornis	Lampornis clemenciae
230	04370	Lucifer Hummingbird	Colibri lucifer	Calothorax lucifer	Apodiformes	Trochilidae	Calothorax	Calothorax lucifer
232	04280	Ruby-throated Hummingbird	Colibri à gorge rubis	Archilochus colubris	Apodiformes	Trochilidae	Archilochus	Archilochus colubris
233	04290	Black-chinned Hummingbird	Colibri à gorge noire	Archilochus alexandri	Apodiformes	Trochilidae	Archilochus	Archilochus alexandri
234	04295	unid. Ruby-throated / Black-chinned Hummingbird	unid Colibri à gorge rubis / Colibri à gorge noire	Archilochus colubris / alexandri	Apodiformes	Trochilidae	Archilochus	Archilochus colubris / alexandri
235	04310	Anna's Hummingbird	Colibri d'Anna	Calypte anna	Apodiformes	Trochilidae	Calypte	Calypte anna
236	04300	Costa's Hummingbird	Colibri de Costa	Calypte costae	Apodiformes	Trochilidae	Calypte	Calypte costae
239	04320	Broad-tailed Hummingbird	Colibri à queue large	Selasphorus platycercus	Apodiformes	Trochilidae	Selasphorus	Selasphorus platycercus
240	04330	Rufous Hummingbird	Colibri roux	Selasphorus rufus	Apodiformes	Trochilidae	Selasphorus	Selasphorus rufus
241	04340	Allen's Hummingbird	Colibri d'Allen	Selasphorus sasin	Apodiformes	Trochilidae	Selasphorus	Selasphorus sasin
242	04335	unid. Rufous Hummingbird / Allen's Hummingbird	unid Colibri roux / Colibri d'Allen	Selasphorus rufus / sasin	Apodiformes	Trochilidae	Selasphorus	Selasphorus rufus / sasin
243	04402	unid. hummingbird	unid Colibri sp.	Trochilid sp.	Apodiformes	Trochilidae	Trochilid	Trochilid sp.
244	04360	Calliope Hummingbird	Colibri calliope	Selasphorus calliope	Apodiformes	Trochilidae	Selasphorus	Selasphorus calliope
249	04410	Broad-billed Hummingbird	Colibri circé	Cynanthus latirostris	Apodiformes	Trochilidae	Cynanthus	Cynanthus latirostris
265	04390	Buff-bellied Hummingbird	Ariane du Yucatan	Amazilia yucatanensis	Apodiformes	Trochilidae	Amazilia	Amazilia yucatanensis
267	04391	Violet-crowned Hummingbird	Ariane à couronne violette	Amazilia violiceps	Apodiformes	Trochilidae	Amazilia	Amazilia violiceps
272	02150	Yellow Rail	Râle jaune	Coturnicops noveboracensis	Gruiformes	Rallidae	Coturnicops	Coturnicops noveboracensis
275	02160	Black Rail	Râle noir	Laterallus jamaicensis	Gruiformes	Rallidae	Laterallus	Laterallus jamaicensis
277	02111	Ridgway's Rail	Râle de Californie	Rallus obsoletus	Gruiformes	Rallidae	Rallus	Rallus obsoletus
278	02110	Clapper Rail	Râle tapageur	Rallus crepitans	Gruiformes	Rallidae	Rallus	Rallus crepitans
280	02080	King Rail	Râle élégant	Rallus elegans	Gruiformes	Rallidae	Rallus	Rallus elegans
281	02090	unid. Clapper / King Rail	unid Râle élégant / Râle Gris	Rallus crepitans / elegans	Gruiformes	Rallidae	Rallus	Rallus crepitans / elegans
282	02120	Virginia Rail	Râle de Virginie	Rallus limicola	Gruiformes	Rallidae	Rallus	Rallus limicola
286	02140	Sora	Marouette de Caroline	Porzana carolina	Gruiformes	Rallidae	Porzana	Porzana carolina
290	02180	Purple Gallinule	Talève violacée	Porphyrio martinicus	Gruiformes	Rallidae	Porphyrio	Porphyrio martinicus
291	21930	Purple Swamphen	Talève sultane	Porphyrio porphyrio	Gruiformes	Rallidae	Porphyrio	Porphyrio porphyrio
292	02190	Common Gallinule	Gallinule d?'Amérique	Gallinula galeata	Gruiformes	Rallidae	Gallinula	Gallinula galeata
295	02210	American Coot	Foulque d'Amérique	Fulica americana	Gruiformes	Rallidae	Fulica	Fulica americana
297	02070	Limpkin	Courlan brun	Aramus guarauna	Gruiformes	Aramidae	Aramus	Aramus guarauna
298	02060	Sandhill Crane	Grue du Canada	Antigone canadensis	Gruiformes	Gruidae	Antigone	Antigone canadensis
300	02040	Whooping Crane	Grue blanche	Grus americana	Gruiformes	Gruidae	Grus	Grus americana
303	02260	Black-necked Stilt	Échasse d'Amérique	Himantopus mexicanus	Charadriiformes	Recurvirostridae	Himantopus	Himantopus mexicanus
304	02250	American Avocet	Avocette d'Amérique	Recurvirostra americana	Charadriiformes	Recurvirostridae	Recurvirostra	Recurvirostra americana
306	02860	American Oystercatcher	Huîtrier d'Amérique	Haematopus palliatus	Charadriiformes	Haematopodidae	Haematopus	Haematopus palliatus
307	02870	Black Oystercatcher	Huîtrier de Bachman	Haematopus bachmani	Charadriiformes	Haematopodidae	Haematopus	Haematopus bachmani
310	02700	Black-bellied Plover	Pluvier argenté	Pluvialis squatarola	Charadriiformes	Charadriidae	Pluvialis	Pluvialis squatarola
312	02720	American Golden-Plover	Pluvier bronzé	Pluvialis dominica	Charadriiformes	Charadriidae	Pluvialis	Pluvialis dominica
313	02721	Pacific Golden-Plover	Pluvier fauve	Pluvialis fulva	Charadriiformes	Charadriidae	Pluvialis	Pluvialis fulva
317	02780	Snowy Plover	Pluvier neigeux	Charadrius nivosus	Charadriiformes	Charadriidae	Charadrius	Charadrius nivosus
318	02800	Wilson's Plover	Pluvier de Wilson	Charadrius wilsonia	Charadriiformes	Charadriidae	Charadrius	Charadrius wilsonia
319	02750	Common Ringed Plover	Pluvier grand-gravelot	Charadrius hiaticula	Charadriiformes	Charadriidae	Charadrius	Charadrius hiaticula
320	02740	Semipalmated Plover	Pluvier semipalmé	Charadrius semipalmatus	Charadriiformes	Charadriidae	Charadrius	Charadrius semipalmatus
321	02770	Piping Plover	Pluvier siffleur	Charadrius melodus	Charadriiformes	Charadriidae	Charadrius	Charadrius melodus
323	02730	Killdeer	Pluvier kildir	Charadrius vociferus	Charadriiformes	Charadriidae	Charadrius	Charadrius vociferus
324	02810	Mountain Plover	Pluvier montagnard	Charadrius montanus	Charadriiformes	Charadriidae	Charadrius	Charadrius montanus
327	02610	Upland Sandpiper	Maubèche des champs	Bartramia longicauda	Charadriiformes	Scolopacidae	Bartramia	Bartramia longicauda
328	02680	Bristle-thighed Curlew	Courlis d'Alaska	Numenius tahitiensis	Charadriiformes	Scolopacidae	Numenius	Numenius tahitiensis
329	02650	Whimbrel	Courlis corlieu	Numenius phaeopus	Charadriiformes	Scolopacidae	Numenius	Numenius phaeopus
331	02640	Long-billed Curlew	Courlis à long bec	Numenius americanus	Charadriiformes	Scolopacidae	Numenius	Numenius americanus
335	02500	Bar-tailed Godwit	Barge rousse	Limosa lapponica	Charadriiformes	Scolopacidae	Limosa	Limosa lapponica
337	02510	Hudsonian Godwit	Barge hudsonienne	Limosa haemastica	Charadriiformes	Scolopacidae	Limosa	Limosa haemastica
338	02490	Marbled Godwit	Barge marbrée	Limosa fedoa	Charadriiformes	Scolopacidae	Limosa	Limosa fedoa
339	02830	Ruddy Turnstone	Tournepierre à collier	Arenaria interpres	Charadriiformes	Scolopacidae	Arenaria	Arenaria interpres
340	02840	Black Turnstone	Tournepierre noir	Arenaria melanocephala	Charadriiformes	Scolopacidae	Arenaria	Arenaria melanocephala
342	02340	Red Knot	Bécasseau maubèche	Calidris canutus	Charadriiformes	Scolopacidae	Calidris	Calidris canutus
343	02820	Surfbird	Bécasseau du ressac	Calidris virgata	Charadriiformes	Scolopacidae	Calidris	Calidris virgata
346	02380	Sharp-tailed Sandpiper	Bécasseau à queue pointue	Calidris acuminata	Charadriiformes	Scolopacidae	Calidris	Calidris acuminata
347	02330	Stilt Sandpiper	Bécasseau à échasses	Calidris himantopus	Charadriiformes	Scolopacidae	Calidris	Calidris himantopus
352	02422	Red-necked Stint	Bécasseau à col roux	Calidris ruficollis	Charadriiformes	Scolopacidae	Calidris	Calidris ruficollis
353	02480	Sanderling	Bécasseau sanderling	Calidris alba	Charadriiformes	Scolopacidae	Calidris	Calidris alba
354	02430	Dunlin	Bécasseau variable	Calidris alpina	Charadriiformes	Scolopacidae	Calidris	Calidris alpina
355	02356	Rock Sandpiper	Bécasseau des Aléoutiennes	Calidris ptilocnemis	Charadriiformes	Scolopacidae	Calidris	Calidris ptilocnemis
356	02350	Purple Sandpiper	Bécasseau violet	Calidris maritima	Charadriiformes	Scolopacidae	Calidris	Calidris maritima
357	02410	Baird's Sandpiper	Bécasseau de Baird	Calidris bairdii	Charadriiformes	Scolopacidae	Calidris	Calidris bairdii
359	02420	Least Sandpiper	Bécasseau minuscule	Calidris minutilla	Charadriiformes	Scolopacidae	Calidris	Calidris minutilla
360	02400	White-rumped Sandpiper	Bécasseau à croupion blanc	Calidris fuscicollis	Charadriiformes	Scolopacidae	Calidris	Calidris fuscicollis
361	02620	Buff-breasted Sandpiper	Bécasseau roussâtre	Calidris subruficollis	Charadriiformes	Scolopacidae	Calidris	Calidris subruficollis
362	02390	Pectoral Sandpiper	Bécasseau à poitrine cendrée	Calidris melanotos	Charadriiformes	Scolopacidae	Calidris	Calidris melanotos
363	02460	Semipalmated Sandpiper	Bécasseau semipalmé	Calidris pusilla	Charadriiformes	Scolopacidae	Calidris	Calidris pusilla
364	02470	Western Sandpiper	Bécasseau d'Alaska	Calidris mauri	Charadriiformes	Scolopacidae	Calidris	Calidris mauri
365	02429	unid. small ''peep'' sandpiper	unid petit Bécasseau sp.	Calidris sp.	Charadriiformes	Scolopacidae	Calidris	Calidris sp.
366	02310	Short-billed Dowitcher	Bécassin roux	Limnodromus griseus	Charadriiformes	Scolopacidae	Limnodromus	Limnodromus griseus
367	02320	Long-billed Dowitcher	Bécassin à long bec	Limnodromus scolopaceus	Charadriiformes	Scolopacidae	Limnodromus	Limnodromus scolopaceus
368	02327	unid. Short-billed / Long-billed Dowitcher	unid Bécassin roux / Bécassin à long bec	Limnodromus griseus / scolopaceus	Charadriiformes	Scolopacidae	Limnodromus	Limnodromus griseus / scolopaceus
371	02280	American Woodcock	Bécasse d'Amérique	Scolopax minor	Charadriiformes	Scolopacidae	Scolopax	Scolopax minor
375	02300	Wilson's Snipe	Bécassine de Wilson	Gallinago delicata	Charadriiformes	Scolopacidae	Gallinago	Gallinago delicata
377	02631	Common Sandpiper	Chevalier guignette	Actitis hypoleucos	Charadriiformes	Scolopacidae	Actitis	Actitis hypoleucos
378	02630	Spotted Sandpiper	Chevalier grivelé	Actitis macularius	Charadriiformes	Scolopacidae	Actitis	Actitis macularius
380	02560	Solitary Sandpiper	Chevalier solitaire	Tringa solitaria	Charadriiformes	Scolopacidae	Tringa	Tringa solitaria
382	02590	Wandering Tattler	Chevalier errant	Tringa incana	Charadriiformes	Scolopacidae	Tringa	Tringa incana
383	02550	Lesser Yellowlegs	Petit Chevalier	Tringa flavipes	Charadriiformes	Scolopacidae	Tringa	Tringa flavipes
384	02555	unid. Greater Yellowlegs / Lesser Yellowlegs	unid Grand Chevalier / Petit Chevalier	Tringa melanoleuca / flavipes	Charadriiformes	Scolopacidae	Tringa	Tringa melanoleuca / flavipes
385	02580	Willet	Chevalier semipalmé	Tringa semipalmata	Charadriiformes	Scolopacidae	Tringa	Tringa semipalmata
387	02530	Common Greenshank	Chevalier aboyeur	Tringa nebularia	Charadriiformes	Scolopacidae	Tringa	Tringa nebularia
388	02540	Greater Yellowlegs	Grand Chevalier	Tringa melanoleuca	Charadriiformes	Scolopacidae	Tringa	Tringa melanoleuca
392	02240	Wilson's Phalarope	Phalarope de Wilson	Phalaropus tricolor	Charadriiformes	Scolopacidae	Phalaropus	Phalaropus tricolor
393	02230	Red-necked Phalarope	Phalarope à bec étroit	Phalaropus lobatus	Charadriiformes	Scolopacidae	Phalaropus	Phalaropus lobatus
398	00360	Pomarine Jaeger	Labbe pomarin	Stercorarius pomarinus	Charadriiformes	Stercorariidae	Stercorarius	Stercorarius pomarinus
399	00370	Parasitic Jaeger	Labbe parasite	Stercorarius parasiticus	Charadriiformes	Stercorariidae	Stercorarius	Stercorarius parasiticus
400	00380	Long-tailed Jaeger	Labbe à longue queue	Stercorarius longicaudus	Charadriiformes	Stercorariidae	Stercorarius	Stercorarius longicaudus
402	00300	Common Murre	Guillemot marmette	Uria aalge	Charadriiformes	Alcidae	Uria	Uria aalge
403	00310	Thick-billed Murre	Guillemot de Brünnich	Uria lomvia	Charadriiformes	Alcidae	Uria	Uria lomvia
404	00315	unid. Common Murre / Thick-billed Murre	unid Guillemot marmette / Guillemot de Brünnich	Uria aalge / lomvia	Charadriiformes	Laridae	Uria	Uria aalge / lomvia
405	00320	Razorbill	Petit Pingouin	Alca torda	Charadriiformes	Alcidae	Alca	Alca torda
406	00270	Black Guillemot	Guillemot à miroir	Cepphus grylle	Charadriiformes	Alcidae	Cepphus	Cepphus grylle
407	00290	Pigeon Guillemot	Guillemot colombin	Cepphus columba	Charadriiformes	Alcidae	Cepphus	Cepphus columba
409	00230	Marbled Murrelet	Guillemot marbré	Brachyramphus marmoratus	Charadriiformes	Alcidae	Brachyramphus	Brachyramphus marmoratus
410	00240	Kittlitz's Murrelet	Guillemot de Kittlitz	Brachyramphus brevirostris	Charadriiformes	Alcidae	Brachyramphus	Brachyramphus brevirostris
414	00210	Ancient Murrelet	Guillemot à cou blanc	Synthliboramphus antiquus	Charadriiformes	Alcidae	Synthliboramphus	Synthliboramphus antiquus
415	00160	Cassin's Auklet	Starique de Cassin	Ptychoramphus aleuticus	Charadriiformes	Alcidae	Ptychoramphus	Ptychoramphus aleuticus
420	00150	Rhinoceros Auklet	Macareux rhinocéros	Cerorhinca monocerata	Charadriiformes	Alcidae	Cerorhinca	Cerorhinca monocerata
422	00140	Horned Puffin	Macareux cornu	Fratercula corniculata	Charadriiformes	Alcidae	Fratercula	Fratercula corniculata
423	00120	Tufted Puffin	Macareux huppé	Fratercula cirrhata	Charadriiformes	Alcidae	Fratercula	Fratercula cirrhata
425	00400	Black-legged Kittiwake	Mouette tridactyle	Rissa tridactyla	Charadriiformes	Laridae	Rissa	Rissa tridactyla
428	00620	Sabine's Gull	Mouette de Sabine	Xema sabini	Charadriiformes	Laridae	Xema	Xema sabini
429	00600	Bonaparte's Gull	Mouette de Bonaparte	Chroicocephalus philadelphia	Charadriiformes	Laridae	Chroicocephalus	Chroicocephalus philadelphia
431	00551	Black-headed Gull	Mouette rieuse	Chroicocephalus ridibundus	Charadriiformes	Laridae	Chroicocephalus	Chroicocephalus ridibundus
432	00601	Little Gull	Mouette pygmée	Hydrocoloeus minutus	Charadriiformes	Laridae	Hydrocoloeus	Hydrocoloeus minutus
433	00610	Ross's Gull	Mouette rosée	Rhodostethia rosea	Charadriiformes	Laridae	Rhodostethia	Rhodostethia rosea
435	00580	Laughing Gull	Mouette atricille	Leucophaeus atricilla	Charadriiformes	Laridae	Leucophaeus	Leucophaeus atricilla
436	00590	Franklin's Gull	Mouette de Franklin	Leucophaeus pipixcan	Charadriiformes	Laridae	Leucophaeus	Leucophaeus pipixcan
439	00570	Heermann's Gull	Goéland de Heermann	Larus heermanni	Charadriiformes	Laridae	Larus	Larus heermanni
440	00550	Mew Gull	Goéland cendré	Larus canus	Charadriiformes	Laridae	Larus	Larus canus
441	00540	Ring-billed Gull	Goéland à bec cerclé	Larus delawarensis	Charadriiformes	Laridae	Larus	Larus delawarensis
442	00490	Western Gull	Goéland d'Audubon	Larus occidentalis	Charadriiformes	Laridae	Larus	Larus occidentalis
444	00530	California Gull	Goéland de Californie	Larus californicus	Charadriiformes	Laridae	Larus	Larus californicus
445	00510	Herring Gull	Goéland argenté	Larus argentatus	Charadriiformes	Laridae	Larus	Larus argentatus
447	00430	Iceland Gull	Goéland arctique	Larus glaucoides	Charadriiformes	Laridae	Larus	Larus glaucoides
448	00500	Lesser Black-backed Gull	Goéland brun	Larus fuscus	Charadriiformes	Laridae	Larus	Larus fuscus
449	00480	Slaty-backed Gull	Goéland à manteau ardoisé	Larus schistisagus	Charadriiformes	Laridae	Larus	Larus schistisagus
450	00440	Glaucous-winged Gull	Goéland à ailes grises	Larus glaucescens	Charadriiformes	Laridae	Larus	Larus glaucescens
451	00495	hybrid Western Gull x Glaucous-winged Gull	hybride Goéland à ailes grises x d'Audubon	Larus occidentalis x glaucescens	Charadriiformes	Laridae	Larus	Larus occidentalis x glaucescens
452	00420	Glaucous Gull	Goéland bourgmestre	Larus hyperboreus	Charadriiformes	Laridae	Larus	Larus hyperboreus
453	00470	Great Black-backed Gull	Goéland marin	Larus marinus	Charadriiformes	Laridae	Larus	Larus marinus
455	00534	unid. gull	unid Goéland sp.	Gull sp.	Charadriiformes	Laridae	Gull	Gull sp.
462	00730	Aleutian Tern	Sterne des Aléoutiennes	Onychoprion aleuticus	Charadriiformes	Laridae	Onychoprion	Onychoprion aleuticus
463	00740	Least Tern	Petite Sterne	Sternula antillarum	Charadriiformes	Laridae	Sternula	Sternula antillarum
465	00630	Gull-billed Tern	Sterne hansel	Gelochelidon nilotica	Charadriiformes	Laridae	Gelochelidon	Gelochelidon nilotica
466	00640	Caspian Tern	Sterne caspienne	Hydroprogne caspia	Charadriiformes	Laridae	Hydroprogne	Hydroprogne caspia
467	00770	Black Tern	Guifette noire	Chlidonias niger	Charadriiformes	Laridae	Chlidonias	Chlidonias niger
470	00720	Roseate Tern	Sterne de Dougall	Sterna dougallii	Charadriiformes	Laridae	Sterna	Sterna dougallii
471	00700	Common Tern	Sterne pierregarin	Sterna hirundo	Charadriiformes	Laridae	Sterna	Sterna hirundo
472	00710	Arctic Tern	Sterne arctique	Sterna paradisaea	Charadriiformes	Laridae	Sterna	Sterna paradisaea
473	00690	Forster's Tern	Sterne de Forster	Sterna forsteri	Charadriiformes	Laridae	Sterna	Sterna forsteri
474	00650	Royal Tern	Sterne royale	Thalasseus maximus	Charadriiformes	Laridae	Thalasseus	Thalasseus maximus
475	00670	Sandwich Tern	Sterne caugek	Thalasseus sandvicensis	Charadriiformes	Laridae	Thalasseus	Thalasseus sandvicensis
476	00660	Elegant Tern	Sterne élégante	Thalasseus elegans	Charadriiformes	Laridae	Thalasseus	Thalasseus elegans
477	00634	unid. tern	unid Sterne sp.	Tern sp.	Charadriiformes	Laridae	Tern	Tern sp.
478	00800	Black Skimmer	Bec-en-ciseaux noir	Rynchops niger	Charadriiformes	Laridae	Rynchops	Rynchops niger
483	00110	Red-throated Loon	Plongeon catmarin	Gavia stellata	Gaviiformes	Gaviidae	Gavia	Gavia stellata
484	00090	Arctic Loon	Plongeon arctique	Gavia arctica	Gaviiformes	Gaviidae	Gavia	Gavia arctica
485	00100	Pacific Loon	Plongeon du Pacifique	Gavia pacifica	Gaviiformes	Gaviidae	Gavia	Gavia pacifica
486	00070	Common Loon	Plongeon huard	Gavia immer	Gaviiformes	Gaviidae	Gavia	Gavia immer
487	00080	Yellow-billed Loon	Plongeon à bec blanc	Gavia adamsii	Gaviiformes	Gaviidae	Gavia	Gavia adamsii
488	00077	unid. loon	plongeon sp.	Gavia sp.	Gaviiformes	Gaviidae	Gavia	Gavia sp.
499	00860	Northern Fulmar	Fulmar boréal	Fulmarus glacialis	Procellariiformes	Procellariidae	Fulmarus	Fulmarus glacialis
522	00880	Cory's Shearwater	Puffin cendré	Calonectris diomedea	Procellariiformes	Procellariidae	Calonectris	Calonectris diomedea
533	00900	Manx Shearwater	Puffin des Anglais	Puffinus puffinus	Procellariiformes	Procellariidae	Puffinus	Puffinus puffinus
545	01060	Leach's Storm-Petrel	Océanite cul-blanc	Oceanodroma leucorhoa	Procellariiformes	Hydrobatidae	Oceanodroma	Oceanodroma leucorhoa
556	01880	Wood Stork	Tantale d'Amérique	Mycteria americana	Ciconiiformes	Ciconiidae	Mycteria	Mycteria americana
557	01280	Magnificent Frigatebird	Frégate superbe	Fregata magnificens	Suliformes	Fregatidae	Fregata	Fregata magnificens
560	01140	Masked Booby	Fou masqué	Sula dactylatra	Suliformes	Sulidae	Sula	Sula dactylatra
562	01141	Blue-footed Booby	Fou à pieds bleus	Sula nebouxii	Suliformes	Sulidae	Sula	Sula nebouxii
563	01150	Brown Booby	Fou brun	Sula leucogaster	Suliformes	Sulidae	Sula	Sula leucogaster
565	01170	Northern Gannet	Fou de Bassan	Morus bassanus	Suliformes	Sulidae	Morus	Morus bassanus
566	01220	Brandt's Cormorant	Cormoran de Brandt	Phalacrocorax penicillatus	Suliformes	Phalacrocoracidae	Phalacrocorax	Phalacrocorax penicillatus
567	01210	Neotropic Cormorant	Cormoran vigua	Phalacrocorax brasilianus	Suliformes	Phalacrocoracidae	Phalacrocorax	Phalacrocorax brasilianus
568	01200	Double-crested Cormorant	Cormoran à aigrettes	Phalacrocorax auritus	Suliformes	Phalacrocoracidae	Phalacrocorax	Phalacrocorax auritus
569	01206	unid. Double-crested Cormorant / Great Cormorant	Cormoran à aigrettes / Grand Cormoran	Phalacrocorax auritus / carbo	Suliformes	Phalacrocoracidae	Phalacrocorax	Phalacrocorax auritus / carbo
570	01190	Great Cormorant	Grand Cormoran	Phalacrocorax carbo	Suliformes	Phalacrocoracidae	Phalacrocorax	Phalacrocorax carbo
571	01205	unid. Neotropic / Double-crested Cormorant	Cormoran vigua / Cormoran à aigrettes	Phalacrocorax brasilianus / auritus	Suliformes	Phalacrocoracidae	Phalacrocorax	Phalacrocorax brasilianus / auritus
573	01230	Pelagic Cormorant	Cormoran pélagique	Phalacrocorax pelagicus	Suliformes	Phalacrocoracidae	Phalacrocorax	Phalacrocorax pelagicus
574	01207	unid. west coast cormorant	unid Cormoran de la côte ouest	Phalacrocorax sp.	Suliformes	Phalacrocoracidae	Phalacrocorax	Phalacrocorax sp.
575	01180	Anhinga	Anhinga d'Amérique	Anhinga anhinga	Suliformes	Anhingidae	Anhinga	Anhinga anhinga
576	01250	American White Pelican	Pélican d'Amérique	Pelecanus erythrorhynchos	Pelecaniformes	Pelecanidae	Pelecanus	Pelecanus erythrorhynchos
577	01260	Brown Pelican	Pélican brun	Pelecanus occidentalis	Pelecaniformes	Pelecanidae	Pelecanus	Pelecanus occidentalis
579	01900	American Bittern	Butor d'Amérique	Botaurus lentiginosus	Pelecaniformes	Ardeidae	Botaurus	Botaurus lentiginosus
581	01910	Least Bittern	Petit Blongios	Ixobrychus exilis	Pelecaniformes	Ardeidae	Ixobrychus	Ixobrychus exilis
583	01940	Great Blue Heron	Grand Héron	Ardea herodias	Pelecaniformes	Ardeidae	Ardea	Ardea herodias
584	01920	(Great White Heron) Great Blue Heron	Grand Héron (blanche)	Ardea herodias occidentalis	Pelecaniformes	Ardeidae	Ardea	Ardea herodias occidentalis
586	01960	Great Egret	Grande Aigrette	Ardea alba	Pelecaniformes	Ardeidae	Ardea	Ardea alba
589	01961	Little Egret	Aigrette garzette	Egretta garzetta	Pelecaniformes	Ardeidae	Egretta	Egretta garzetta
591	01970	Snowy Egret	Aigrette neigeuse	Egretta thula	Pelecaniformes	Ardeidae	Egretta	Egretta thula
592	02000	Little Blue Heron	Aigrette bleue	Egretta caerulea	Pelecaniformes	Ardeidae	Egretta	Egretta caerulea
593	01990	Tricolored Heron	Aigrette tricolore	Egretta tricolor	Pelecaniformes	Ardeidae	Egretta	Egretta tricolor
594	01980	Reddish Egret	Aigrette roussâtre	Egretta rufescens	Pelecaniformes	Ardeidae	Egretta	Egretta rufescens
595	02001	Cattle Egret	Héron garde-boeufs	Bubulcus ibis	Pelecaniformes	Ardeidae	Bubulcus	Bubulcus ibis
597	02010	Green Heron	Héron vert	Butorides virescens	Pelecaniformes	Ardeidae	Butorides	Butorides virescens
600	02020	Black-crowned Night-Heron	Bihoreau gris	Nycticorax nycticorax	Pelecaniformes	Ardeidae	Nycticorax	Nycticorax nycticorax
601	02030	Yellow-crowned Night-Heron	Bihoreau violacé	Nyctanassa violacea	Pelecaniformes	Ardeidae	Nyctanassa	Nyctanassa violacea
602	02035	unid Black-crowned / Yellow-crowned Night-Heron	unid Bihoreau gris / Bihoreau violacé	Nycticorax / Nyctanassa nycticorax / violacea	Pelecaniformes	Ardeidae	Nycticorax / Nyctanassa	Nycticorax / Nyctanassa nycticorax / violacea
604	01945	unid. heron / egret	unid héron / aigrette sp.	Ardeid sp.	Pelecaniformes	Ardeidae	Ardeid	Ardeid sp.
605	01840	White Ibis	Ibis blanc	Eudocimus albus	Pelecaniformes	Threskiornithidae	Eudocimus	Eudocimus albus
607	01860	Glossy Ibis	Ibis falcinelle	Plegadis falcinellus	Pelecaniformes	Threskiornithidae	Plegadis	Plegadis falcinellus
608	01870	White-faced Ibis	Ibis à face blanche	Plegadis chihi	Pelecaniformes	Threskiornithidae	Plegadis	Plegadis chihi
609	01861	unid. Glossy Ibis / White-faced Ibis	unid Ibis falcinelle / Ibis à face blanche	Plegadis falcinellus / chihi	Pelecaniformes	Threskiornithidae	Plegadis	Plegadis falcinellus / chihi
610	01830	Roseate Spoonbill	Spatule rosée	Platalea ajaja	Pelecaniformes	Threskiornithidae	Platalea	Platalea ajaja
611	03260	Black Vulture	Urubu noir	Coragyps atratus	Cathartiformes	Cathartidae	Coragyps	Coragyps atratus
612	03250	Turkey Vulture	Urubu à tête rouge	Cathartes aura	Cathartiformes	Cathartidae	Cathartes	Cathartes aura
614	03255	unid. Black Vulture / Turkey Vulture	unid Urubu noir / Urubu à tête rouge	Coragyps / Cathartes atratus / aura	Accipitriformes	Cathartidae	Coragyps / Cathartes	Coragyps / Cathartes atratus / aura
615	03240	California Condor	Condor de Californie	Gymnogyps californianus	Cathartiformes	Cathartidae	Gymnogyps	Gymnogyps californianus
617	03640	Osprey	Balbuzard pêcheur	Pandion haliaetus	Accipitriformes	Pandionidae	Pandion	Pandion haliaetus
619	03271	Hook-billed Kite	Milan bec-en-croc	Chondrohierax uncinatus	Accipitriformes	Accipitridae	Chondrohierax	Chondrohierax uncinatus
620	03270	Swallow-tailed Kite	Milan à queue fourchue	Elanoides forficatus	Accipitriformes	Accipitridae	Elanoides	Elanoides forficatus
621	03280	White-tailed Kite	Élanion à queue blanche	Elanus leucurus	Accipitriformes	Accipitridae	Elanus	Elanus leucurus
622	03300	Snail Kite	Milan des marais	Rostrhamus sociabilis	Accipitriformes	Accipitridae	Rostrhamus	Rostrhamus sociabilis
624	03290	Mississippi Kite	Milan du Mississippi	Ictinia mississippiensis	Accipitriformes	Accipitridae	Ictinia	Ictinia mississippiensis
627	03520	Bald Eagle	Pygargue à tête blanche	Haliaeetus leucocephalus	Accipitriformes	Accipitridae	Haliaeetus	Haliaeetus leucocephalus
631	03310	Northern Harrier	Busard des marais	Circus hudsonius	Accipitriformes	Accipitridae	Circus	Circus hudsonius
633	03320	Sharp-shinned Hawk	Épervier brun	Accipiter striatus	Accipitriformes	Accipitridae	Accipiter	Accipiter striatus
634	03330	Cooper's Hawk	Épervier de Cooper	Accipiter cooperii	Accipitriformes	Accipitridae	Accipiter	Accipiter cooperii
636	03340	Northern Goshawk	Autour des palombes	Accipiter gentilis	Accipitriformes	Accipitridae	Accipiter	Accipiter gentilis
637	03333	unid. Accipiter hawk	unid épervier sp.	Accipiter sp.	Accipitriformes	Accipitridae	Accipiter	Accipiter sp.
639	03450	Common Black Hawk	Buse noire	Buteogallus anthracinus	Accipitriformes	Accipitridae	Buteogallus	Buteogallus anthracinus
643	03350	Harris's Hawk	Buse de Harris	Parabuteo unicinctus	Accipitriformes	Accipitridae	Parabuteo	Parabuteo unicinctus
644	03410	White-tailed Hawk	Buse à queue blanche	Geranoaetus albicaudatus	Accipitriformes	Accipitridae	Geranoaetus	Geranoaetus albicaudatus
646	03460	Gray Hawk	Buse grise	Buteo plagiatus	Accipitriformes	Accipitridae	Buteo	Buteo plagiatus
647	03390	Red-shouldered Hawk	Buse à épaulettes	Buteo lineatus	Accipitriformes	Accipitridae	Buteo	Buteo lineatus
648	03430	Broad-winged Hawk	Petite Buse	Buteo platypterus	Accipitriformes	Accipitridae	Buteo	Buteo platypterus
649	03440	Short-tailed Hawk	Buse à queue courte	Buteo brachyurus	Accipitriformes	Accipitridae	Buteo	Buteo brachyurus
650	03420	Swainson's Hawk	Buse de Swainson	Buteo swainsoni	Accipitriformes	Accipitridae	Buteo	Buteo swainsoni
651	03400	Zone-tailed Hawk	Buse à queue barrée	Buteo albonotatus	Accipitriformes	Accipitridae	Buteo	Buteo albonotatus
652	03370	Red-tailed Hawk	Buse à queue rousse	Buteo jamaicensis	Accipitriformes	Accipitridae	Buteo	Buteo jamaicensis
653	03380	(Harlan's Hawk) Red-tailed Hawk	Buse à queue rousse (groupe harlani)	Buteo jamaicensis harlani	Accipitriformes	Accipitridae	Buteo	Buteo jamaicensis harlani
654	03470	Rough-legged Hawk	Buse pattue	Buteo lagopus	Accipitriformes	Accipitridae	Buteo	Buteo lagopus
655	03480	Ferruginous Hawk	Buse rouilleuse	Buteo regalis	Accipitriformes	Accipitridae	Buteo	Buteo regalis
656	03451	unid. Buteo hawk	unid Buse sp.	Buteo sp.	Accipitriformes	Accipitridae	Buteo	Buteo sp.
659	03490	Golden Eagle	Aigle royal	Aquila chrysaetos	Accipitriformes	Accipitridae	Aquila	Aquila chrysaetos
663	03650	Barn Owl	Effraie des clochers	Tyto alba	Strigiformes	Tytonidae	Tyto	Tyto alba
665	03740	Flammulated Owl	Petit-duc nain	Psiloscops flammeolus	Strigiformes	Strigidae	Psiloscops	Psiloscops flammeolus
666	03732	Western Screech-Owl	Petit-duc des montagnes	Megascops kennicottii	Strigiformes	Strigidae	Megascops	Megascops kennicottii
667	03730	Eastern Screech-Owl	Petit-duc maculé	Megascops asio	Strigiformes	Strigidae	Megascops	Megascops asio
670	03731	Whiskered Screech-Owl	Petit-duc à moustaches	Megascops trichopsis	Strigiformes	Strigidae	Megascops	Megascops trichopsis
675	03750	Great Horned Owl	Grand-duc d'Amérique	Bubo virginianus	Strigiformes	Strigidae	Bubo	Bubo virginianus
676	03760	Snowy Owl	Harfang des neiges	Bubo scandiacus	Strigiformes	Strigidae	Bubo	Bubo scandiacus
677	03770	Northern Hawk Owl	Chouette épervière	Surnia ulula	Strigiformes	Strigidae	Surnia	Surnia ulula
678	03790	Northern Pygmy-Owl	Chevêchette naine	Glaucidium gnoma	Strigiformes	Strigidae	Glaucidium	Glaucidium gnoma
682	03800	Ferruginous Pygmy-Owl	Chevêchette brune	Glaucidium brasilianum	Strigiformes	Strigidae	Glaucidium	Glaucidium brasilianum
683	03810	Elf Owl	Chevêchette des saguaros	Micrathene whitneyi	Strigiformes	Strigidae	Micrathene	Micrathene whitneyi
684	03780	Burrowing Owl	Chevêche des terriers	Athene cunicularia	Strigiformes	Strigidae	Athene	Athene cunicularia
687	03690	Spotted Owl	Chouette tachetée	Strix occidentalis	Strigiformes	Strigidae	Strix	Strix occidentalis
688	03680	Barred Owl	Chouette rayée	Strix varia	Strigiformes	Strigidae	Strix	Strix varia
690	03700	Great Gray Owl	Chouette lapone	Strix nebulosa	Strigiformes	Strigidae	Strix	Strix nebulosa
691	03660	Long-eared Owl	Hibou moyen-duc	Asio otus	Strigiformes	Strigidae	Asio	Asio otus
693	03670	Short-eared Owl	Hibou des marais	Asio flammeus	Strigiformes	Strigidae	Asio	Asio flammeus
695	03710	Boreal Owl	Nyctale de Tengmalm	Aegolius funereus	Strigiformes	Strigidae	Aegolius	Aegolius funereus
696	03720	Northern Saw-whet Owl	Petite Nyctale	Aegolius acadicus	Strigiformes	Strigidae	Aegolius	Aegolius acadicus
703	03890	Elegant Trogon	Trogon élégant	Trogon elegans	Trogoniformes	Trogonidae	Trogon	Trogon elegans
716	03901	Ringed Kingfisher	Martin-pêcheur à ventre roux	Megaceryle torquata	Coraciiformes	Alcedinidae	Megaceryle	Megaceryle torquata
717	03900	Belted Kingfisher	Martin-pêcheur d'Amérique	Megaceryle alcyon	Coraciiformes	Alcedinidae	Megaceryle	Megaceryle alcyon
719	03910	Green Kingfisher	Martin-pêcheur vert	Chloroceryle americana	Coraciiformes	Alcedinidae	Chloroceryle	Chloroceryle americana
728	04080	Lewis's Woodpecker	Pic de Lewis	Melanerpes lewis	Piciformes	Picidae	Melanerpes	Melanerpes lewis
729	04060	Red-headed Woodpecker	Pic à tête rouge	Melanerpes erythrocephalus	Piciformes	Picidae	Melanerpes	Melanerpes erythrocephalus
730	04070	Acorn Woodpecker	Pic glandivore	Melanerpes formicivorus	Piciformes	Picidae	Melanerpes	Melanerpes formicivorus
735	04110	Gila Woodpecker	Pic des saguaros	Melanerpes uropygialis	Piciformes	Picidae	Melanerpes	Melanerpes uropygialis
736	04100	Golden-fronted Woodpecker	Pic à front doré	Melanerpes aurifrons	Piciformes	Picidae	Melanerpes	Melanerpes aurifrons
737	04090	Red-bellied Woodpecker	Pic à ventre roux	Melanerpes carolinus	Piciformes	Picidae	Melanerpes	Melanerpes carolinus
738	04040	Williamson's Sapsucker	Pic de Williamson	Sphyrapicus thyroideus	Piciformes	Picidae	Sphyrapicus	Sphyrapicus thyroideus
739	04020	Yellow-bellied Sapsucker	Pic maculé	Sphyrapicus varius	Piciformes	Picidae	Sphyrapicus	Sphyrapicus varius
740	04021	Red-naped Sapsucker	Pic à nuque rouge	Sphyrapicus nuchalis	Piciformes	Picidae	Sphyrapicus	Sphyrapicus nuchalis
741	04030	Red-breasted Sapsucker	Pic à poitrine rouge	Sphyrapicus ruber	Piciformes	Picidae	Sphyrapicus	Sphyrapicus ruber
742	04022	unid. sapsucker	unid Sphyrapicus sp.	Sphyrapicus sp.	Piciformes	Picidae	Sphyrapicus	Sphyrapicus sp.
744	03960	Ladder-backed Woodpecker	Pic arlequin	Picoides scalaris	Piciformes	Picidae	Picoides	Picoides scalaris
745	03970	Nuttall's Woodpecker	Pic de Nuttall	Picoides nuttallii	Piciformes	Picidae	Picoides	Picoides nuttallii
746	03940	Downy Woodpecker	Pic mineur	Picoides pubescens	Piciformes	Picidae	Picoides	Picoides pubescens
748	03930	Hairy Woodpecker	Pic chevelu	Picoides villosus	Piciformes	Picidae	Picoides	Picoides villosus
749	03975	Arizona Woodpecker	Pic d'Arizona	Picoides arizonae	Piciformes	Picidae	Picoides	Picoides arizonae
751	03950	Red-cockaded Woodpecker	Pic à face blanche	Picoides borealis	Piciformes	Picidae	Picoides	Picoides borealis
752	03990	White-headed Woodpecker	Pic à tête blanche	Picoides albolarvatus	Piciformes	Picidae	Picoides	Picoides albolarvatus
753	04010	American Three-toed Woodpecker	Pic à dos rayé	Picoides dorsalis	Piciformes	Picidae	Picoides	Picoides dorsalis
754	04000	Black-backed Woodpecker	Pic à dos noir	Picoides arcticus	Piciformes	Picidae	Picoides	Picoides arcticus
757	04123	(unid. Red/Yellow Shafted) Northern Flicker	Pic flamboyant (groupe non identifié)	Colaptes auratus	Piciformes	Picidae	Colaptes	Colaptes auratus
758	04120	(Yellow-shafted Flicker) Northern Flicker	Pic flamboyant (groupe auratus)	Colaptes auratus auratus	Piciformes	Picidae	Colaptes	Colaptes auratus auratus
759	04130	(Red-shafted Flicker) Northern Flicker	Pic flamboyant (groupe cafer)	Colaptes auratus cafer	Piciformes	Picidae	Colaptes	Colaptes auratus cafer
760	04125	hybrid Northern Flicker (Red x Yellow-shafted)	hybride Pic flamboyant (cafer x auratus)	Colaptes auratus auratus x auratus cafer	Piciformes	Picidae	Colaptes	Colaptes auratus auratus x auratus cafer
761	04140	Gilded Flicker	Pic chrysoïde	Colaptes chrysoides	Piciformes	Picidae	Colaptes	Colaptes chrysoides
764	04050	Pileated Woodpecker	Grand Pic	Dryocopus pileatus	Piciformes	Picidae	Dryocopus	Dryocopus pileatus
765	03920	unid. woodpecker	unid Pic sp.	Woodpecker sp.	Piciformes	Picidae	Woodpecker	Woodpecker sp.
771	03620	Crested Caracara	Caracara du Nord	Caracara cheriway	Falconiformes	Falconidae	Caracara	Caracara cheriway
773	03600	American Kestrel	Crécerelle d'Amérique	Falco sparverius	Falconiformes	Falconidae	Falco	Falco sparverius
775	03570	Merlin	Faucon émerillon	Falco columbarius	Falconiformes	Falconidae	Falco	Falco columbarius
777	03590	Aplomado Falcon	Faucon aplomado	Falco femoralis	Falconiformes	Falconidae	Falco	Falco femoralis
780	03540	Gyrfalcon	Faucon gerfaut	Falco rusticolus	Falconiformes	Falconidae	Falco	Falco rusticolus
781	03560	Peregrine Falcon	Faucon pèlerin	Falco peregrinus	Falconiformes	Falconidae	Falco	Falco peregrinus
782	03550	Prairie Falcon	Faucon des prairies	Falco mexicanus	Falconiformes	Falconidae	Falco	Falco mexicanus
783	03824	Monk Parakeet	Conure veuve	Myiopsitta monachus	Psittaciformes	Psittacidae	Myiopsitta	Myiopsitta monachus
786	51830	Nanday Parakeet	Conure nanday	Aratinga nenday	Psittaciformes	Psittacidae	Aratinga	Aratinga nenday
800	52021	Yellow-chevroned Parakeet	Toui à ailes jaunes	Brotogeris chiriri	Psittaciformes	Psittacidae	Brotogeris	Brotogeris chiriri
801	03827	unid. White-winged / Yellow-chevroned Parakeet	Toui à ailes variées / Toui à ailes jaunes	Brotogeris versicolurus / chiriri	Psittaciformes	Psittacidae	Brotogeris	Brotogeris versicolurus / chiriri
806	03826	Red-crowned Parrot	Amazone à joues vertes	Amazona viridigenalis	Psittaciformes	Psittacidae	Amazona	Amazona viridigenalis
813	03823	Rose-ringed Parakeet	Perruche à collier	Psittacula krameri	Psittaciformes	Psittaculidae	Psittacula	Psittacula krameri
815	03822	Budgerigar	Perruche ondulée	Melopsittacus undulatus	Psittaciformes	Psittaculidae	Melopsittacus	Melopsittacus undulatus
848	04720	Northern Beardless-Tyrannulet	Tyranneau imberbe	Camptostoma imberbe	Passeriformes	Tyrannidae	Camptostoma	Camptostoma imberbe
869	04590	Olive-sided Flycatcher	Moucherolle à côtés olive	Contopus cooperi	Passeriformes	Tyrannidae	Contopus	Contopus cooperi
870	04600	Greater Pewee	Moucherolle de Coues	Contopus pertinax	Passeriformes	Tyrannidae	Contopus	Contopus pertinax
871	04620	Western Wood-Pewee	Pioui de l'Ouest	Contopus sordidulus	Passeriformes	Tyrannidae	Contopus	Contopus sordidulus
872	04610	Eastern Wood-Pewee	Pioui de l'Est	Contopus virens	Passeriformes	Tyrannidae	Contopus	Contopus virens
875	04630	Yellow-bellied Flycatcher	Moucherolle à ventre jaune	Empidonax flaviventris	Passeriformes	Tyrannidae	Empidonax	Empidonax flaviventris
876	04650	Acadian Flycatcher	Moucherolle vert	Empidonax virescens	Passeriformes	Tyrannidae	Empidonax	Empidonax virescens
877	04661	Alder Flycatcher	Moucherolle des aulnes	Empidonax alnorum	Passeriformes	Tyrannidae	Empidonax	Empidonax alnorum
878	04660	Willow Flycatcher	Moucherolle des saules	Empidonax traillii	Passeriformes	Tyrannidae	Empidonax	Empidonax traillii
879	04665	unid. Alder Flycatcher / Willow Flycatcher	unid Moucherolle des aulnes / des saules	Empidonax alnorum / traillii	Passeriformes	Tyrannidae	Empidonax	Empidonax alnorum / traillii
881	04670	Least Flycatcher	Moucherolle tchébec	Empidonax minimus	Passeriformes	Tyrannidae	Empidonax	Empidonax minimus
882	04680	Hammond's Flycatcher	Moucherolle de Hammond	Empidonax hammondii	Passeriformes	Tyrannidae	Empidonax	Empidonax hammondii
883	04691	Gray Flycatcher	Moucherolle gris	Empidonax wrightii	Passeriformes	Tyrannidae	Empidonax	Empidonax wrightii
884	04690	Dusky Flycatcher	Moucherolle sombre	Empidonax oberholseri	Passeriformes	Tyrannidae	Empidonax	Empidonax oberholseri
885	04689	unid. Hammond's Flycatcher / Dusky Flycatcher	unid Moucherolle Hammond's / Moucherolle Dusky	Empidonax hammondii / oberholseri	Passeriformes	Tyrannidae	Empidonax	Empidonax hammondii / oberholseri
887	04641	Pacific-slope Flycatcher	Moucherolle côtier	Empidonax difficilis	Passeriformes	Tyrannidae	Empidonax	Empidonax difficilis
888	04640	Cordilleran Flycatcher	Moucherolle des ravins	Empidonax occidentalis	Passeriformes	Tyrannidae	Empidonax	Empidonax occidentalis
889	04642	unid. Cordilleran / Pacific-slope Flycatcher	unid Moucherolle côtier / Moucherolle des ravins	Empidonax difficilis / occidentalis	Passeriformes	Tyrannidae	Empidonax	Empidonax difficilis / occidentalis
891	04700	Buff-breasted Flycatcher	Moucherolle beige	Empidonax fulvifrons	Passeriformes	Tyrannidae	Empidonax	Empidonax fulvifrons
892	04679	unid. Empidonax flycatcher	unid Empidonax sp.	Empidonax sp.	Passeriformes	Tyrannidae	Empidonax	Empidonax sp.
893	04580	Black Phoebe	Moucherolle noir	Sayornis nigricans	Passeriformes	Tyrannidae	Sayornis	Sayornis nigricans
894	04560	Eastern Phoebe	Moucherolle phébi	Sayornis phoebe	Passeriformes	Tyrannidae	Sayornis	Sayornis phoebe
895	04570	Say's Phoebe	Moucherolle à ventre roux	Sayornis saya	Passeriformes	Tyrannidae	Sayornis	Sayornis saya
896	04710	Vermilion Flycatcher	Moucherolle vermillon	Pyrocephalus rubinus	Passeriformes	Tyrannidae	Pyrocephalus	Pyrocephalus rubinus
900	04550	Dusky-capped Flycatcher	Tyran olivâtre	Myiarchus tuberculifer	Passeriformes	Tyrannidae	Myiarchus	Myiarchus tuberculifer
901	04540	Ash-throated Flycatcher	Tyran à gorge cendrée	Myiarchus cinerascens	Passeriformes	Tyrannidae	Myiarchus	Myiarchus cinerascens
903	04520	Great Crested Flycatcher	Tyran huppé	Myiarchus crinitus	Passeriformes	Tyrannidae	Myiarchus	Myiarchus crinitus
904	04530	Brown-crested Flycatcher	Tyran de Wied	Myiarchus tyrannulus	Passeriformes	Tyrannidae	Myiarchus	Myiarchus tyrannulus
907	04490	Great Kiskadee	Tyran quiquivi	Pitangus sulphuratus	Passeriformes	Tyrannidae	Pitangus	Pitangus sulphuratus
911	04510	Sulphur-bellied Flycatcher	Tyran tigré	Myiodynastes luteiventris	Passeriformes	Tyrannidae	Myiodynastes	Myiodynastes luteiventris
915	04460	Tropical Kingbird	Tyran mélancolique	Tyrannus melancholicus	Passeriformes	Tyrannidae	Tyrannus	Tyrannus melancholicus
916	04461	Couch's Kingbird	Tyran de Couch	Tyrannus couchii	Passeriformes	Tyrannidae	Tyrannus	Tyrannus couchii
917	04462	unid. Tropical Kingbird / Couch's Kingbird	unid Tyran mélancolique / Tyran de Couch	Tyrannus melancholicus / couchii	Passeriformes	Tyrannidae	Tyrannus	Tyrannus melancholicus / couchii
918	04480	Cassin's Kingbird	Tyran de Cassin	Tyrannus vociferans	Passeriformes	Tyrannidae	Tyrannus	Tyrannus vociferans
919	04451	Thick-billed Kingbird	Tyran à bec épais	Tyrannus crassirostris	Passeriformes	Tyrannidae	Tyrannus	Tyrannus crassirostris
920	04470	Western Kingbird	Tyran de l'Ouest	Tyrannus verticalis	Passeriformes	Tyrannidae	Tyrannus	Tyrannus verticalis
921	04447	unid. Cassin's Kingbird / Western Kingbird	unid Tyran de Cassin / Tyran de l'Ouest	Tyrannus vociferans / verticalis	Passeriformes	Tyrannidae	Tyrannus	Tyrannus vociferans / verticalis
922	04440	Eastern Kingbird	Tyran tritri	Tyrannus tyrannus	Passeriformes	Tyrannidae	Tyrannus	Tyrannus tyrannus
923	04450	Gray Kingbird	Tyran gris	Tyrannus dominicensis	Passeriformes	Tyrannidae	Tyrannus	Tyrannus dominicensis
925	04430	Scissor-tailed Flycatcher	Tyran à longue queue	Tyrannus forficatus	Passeriformes	Tyrannidae	Tyrannus	Tyrannus forficatus
926	04420	Fork-tailed Flycatcher	Tyran des savanes	Tyrannus savana	Passeriformes	Tyrannidae	Tyrannus	Tyrannus savana
941	06220	Loggerhead Shrike	Pie-grièche migratrice	Lanius ludovicianus	Passeriformes	Laniidae	Lanius	Lanius ludovicianus
942	06210	Northern Shrike	Pie-grièche boréale	Lanius borealis	Passeriformes	Laniidae	Lanius	Lanius borealis
950	06300	Black-capped Vireo	Viréo à tête noire	Vireo atricapilla	Passeriformes	Vireonidae	Vireo	Vireo atricapilla
952	06310	White-eyed Vireo	Viréo aux yeux blancs	Vireo griseus	Passeriformes	Vireonidae	Vireo	Vireo griseus
957	06330	Bell's Vireo	Viréo de Bell	Vireo bellii	Passeriformes	Vireonidae	Vireo	Vireo bellii
958	06340	Gray Vireo	Viréo gris	Vireo vicinior	Passeriformes	Vireonidae	Vireo	Vireo vicinior
959	06320	Hutton's Vireo	Viréo de Hutton	Vireo huttoni	Passeriformes	Vireonidae	Vireo	Vireo huttoni
960	06280	Yellow-throated Vireo	Viréo à gorge jaune	Vireo flavifrons	Passeriformes	Vireonidae	Vireo	Vireo flavifrons
961	06291	Cassin's Vireo	Viréo de Cassin	Vireo cassinii	Passeriformes	Vireonidae	Vireo	Vireo cassinii
962	06290	Blue-headed Vireo	Viréo à tête bleue	Vireo solitarius	Passeriformes	Vireonidae	Vireo	Vireo solitarius
963	06295	unid. Cassin's Vireo / Blue-headed Vireo	unid Viréo de Cassin / Viréo à tête bleue	Vireo cassinii / solitarius	Passeriformes	Vireonidae	Vireo	Vireo cassinii / solitarius
964	06292	Plumbeous Vireo	Viréo plombé	Vireo plumbeus	Passeriformes	Vireonidae	Vireo	Vireo plumbeus
965	06296	unid. Plumbeous Vireo / Cassin's Vireo	unid Viréo plombé / Viréo de Cassin	Vireo plumbeus / cassinii	Passeriformes	Vireonidae	Vireo	Vireo plumbeus / cassinii
966	06260	Philadelphia Vireo	Viréo de Philadelphie	Vireo philadelphicus	Passeriformes	Vireonidae	Vireo	Vireo philadelphicus
967	06270	Warbling Vireo	Viréo mélodieux	Vireo gilvus	Passeriformes	Vireonidae	Vireo	Vireo gilvus
969	06240	Red-eyed Vireo	Viréo aux yeux rouges	Vireo olivaceus	Passeriformes	Vireonidae	Vireo	Vireo olivaceus
971	06230	Black-whiskered Vireo	Viréo à moustaches	Vireo altiloquus	Passeriformes	Vireonidae	Vireo	Vireo altiloquus
973	04840	Gray Jay	Mésangeai du Canada	Perisoreus canadensis	Passeriformes	Corvidae	Perisoreus	Perisoreus canadensis
982	04830	Green Jay	Geai vert	Cyanocorax yncas	Passeriformes	Corvidae	Cyanocorax	Cyanocorax yncas
986	04920	Pinyon Jay	Geai des pinèdes	Gymnorhinus cyanocephalus	Passeriformes	Corvidae	Gymnorhinus	Gymnorhinus cyanocephalus
987	04780	Steller's Jay	Geai de Steller	Cyanocitta stelleri	Passeriformes	Corvidae	Cyanocitta	Cyanocitta stelleri
988	04770	Blue Jay	Geai bleu	Cyanocitta cristata	Passeriformes	Corvidae	Cyanocitta	Cyanocitta cristata
989	04790	Florida Scrub-Jay	Geai à gorge blanche	Aphelocoma coerulescens	Passeriformes	Corvidae	Aphelocoma	Aphelocoma coerulescens
990	04811	Island Scrub-Jay	Geai de Santa Cruz	Aphelocoma insularis	Passeriformes	Corvidae	Aphelocoma	Aphelocoma insularis
991	04812	California Scrub-Jay	Geai buissonnier	Aphelocoma californica	Passeriformes	Corvidae	Aphelocoma	Aphelocoma californica
992	04813	Woodhouse's Scrub-Jay	Geai de Woodhouse	Aphelocoma woodhouseii	Passeriformes	Corvidae	Aphelocoma	Aphelocoma woodhouseii
993	04810	unid. California Scrub-Jay / Woodhouse's Scrub-Jay	unid Geai buissonnier / Geai de Woodhouse	Aphelocoma californica / woodhouseii	Passeriformes	Corvidae	Aphelocoma	Aphelocoma californica / woodhouseii
995	04820	Mexican Jay	Geai du Mexique	Aphelocoma wollweberi	Passeriformes	Corvidae	Aphelocoma	Aphelocoma wollweberi
997	04910	Clark's Nutcracker	Cassenoix d'Amérique	Nucifraga columbiana	Passeriformes	Corvidae	Nucifraga	Nucifraga columbiana
998	04750	Black-billed Magpie	Pie d'Amérique	Pica hudsonia	Passeriformes	Corvidae	Pica	Pica hudsonia
999	04760	Yellow-billed Magpie	Pie à bec jaune	Pica nuttalli	Passeriformes	Corvidae	Pica	Pica nuttalli
1001	04880	American Crow	Corneille d'Amérique	Corvus brachyrhynchos	Passeriformes	Corvidae	Corvus	Corvus brachyrhynchos
1002	04890	Northwestern Crow	Corneille d'Alaska	Corvus caurinus	Passeriformes	Corvidae	Corvus	Corvus caurinus
1005	04900	Fish Crow	Corneille de rivage	Corvus ossifragus	Passeriformes	Corvidae	Corvus	Corvus ossifragus
1006	04881	unid. American Crow / Fish Crow	unid Corneille d'Amérique / Corneille de rivage	Corvus brachyrhynchos / ossifragus	Passeriformes	Corvidae	Corvus	Corvus brachyrhynchos / ossifragus
1007	04882	unid. American Crow / Northwestern Crow	unid Corneille d'Amérique / Corneille d'Alaska	Corvus brachyrhynchos / caurinus	Passeriformes	Corvidae	Corvus	Corvus brachyrhynchos / caurinus
1008	04870	Chihuahuan Raven	Corbeau à cou blanc	Corvus cryptoleucus	Passeriformes	Corvidae	Corvus	Corvus cryptoleucus
1009	04860	Common Raven	Grand Corbeau	Corvus corax	Passeriformes	Corvidae	Corvus	Corvus corax
1010	04865	unid. Chihuahuan Raven / Common Raven	unid Grand Corbeau / Corbeau à cou blanc	Corvus cryptoleucus / corax	Passeriformes	Corvidae	Corvus	Corvus cryptoleucus / corax
1011	04730	Eurasian Skylark	Alouette des champs	Alauda arvensis	Passeriformes	Alaudidae	Alauda	Alauda arvensis
1012	04740	Horned Lark	Alouette hausse-col	Eremophila alpestris	Passeriformes	Alaudidae	Eremophila	Eremophila alpestris
1013	06110	Purple Martin	Hirondelle noire	Progne subis	Passeriformes	Hirundinidae	Progne	Progne subis
1019	06140	Tree Swallow	Hirondelle bicolore	Tachycineta bicolor	Passeriformes	Hirundinidae	Tachycineta	Tachycineta bicolor
1021	06150	Violet-green Swallow	Hirondelle à face blanche	Tachycineta thalassina	Passeriformes	Hirundinidae	Tachycineta	Tachycineta thalassina
1025	06170	Northern Rough-winged Swallow	Hirondelle à ailes hérissées	Stelgidopteryx serripennis	Passeriformes	Hirundinidae	Stelgidopteryx	Stelgidopteryx serripennis
1027	06160	Bank Swallow	Hirondelle de rivage	Riparia riparia	Passeriformes	Hirundinidae	Riparia	Riparia riparia
1028	06120	Cliff Swallow	Hirondelle à front blanc	Petrochelidon pyrrhonota	Passeriformes	Hirundinidae	Petrochelidon	Petrochelidon pyrrhonota
1029	06121	Cave Swallow	Hirondelle à front brun	Petrochelidon fulva	Passeriformes	Hirundinidae	Petrochelidon	Petrochelidon fulva
1030	06122	unid. Cave Swallow / Cliff Swallow	unid Hirondelle à front blanc / à front brun	Petrochelidon pyrrhonota / fulva	Passeriformes	Hirundinidae	Petrochelidon	Petrochelidon pyrrhonota / fulva
1031	06130	Barn Swallow	Hirondelle rustique	Hirundo rustica	Passeriformes	Hirundinidae	Hirundo	Hirundo rustica
1033	07360	Carolina Chickadee	Mésange de Caroline	Poecile carolinensis	Passeriformes	Paridae	Poecile	Poecile carolinensis
1034	07350	Black-capped Chickadee	Mésange à tête noire	Poecile atricapillus	Passeriformes	Paridae	Poecile	Poecile atricapillus
1035	07380	Mountain Chickadee	Mésange de Gambel	Poecile gambeli	Passeriformes	Paridae	Poecile	Poecile gambeli
1036	07370	Mexican Chickadee	Mésange grise	Poecile sclateri	Passeriformes	Paridae	Poecile	Poecile sclateri
1037	07410	Chestnut-backed Chickadee	Mésange à dos marron	Poecile rufescens	Passeriformes	Paridae	Poecile	Poecile rufescens
1038	07400	Boreal Chickadee	Mésange à tête brune	Poecile hudsonicus	Passeriformes	Paridae	Poecile	Poecile hudsonicus
1040	07352	unid. Carolina Chickadee / Black-capped Chickadee	unid Mésange de Caroline / Mésange à tête noire	Poecile carolinensis / atricapillus	Passeriformes	Paridae	Poecile	Poecile carolinensis / atricapillus
1041	07353	unid. Black-capped Chickadee / Mountain Chickadee	unid Mésange à tête noire / Mésange de Gambel	Poecile atricapillus / gambeli	Passeriformes	Paridae	Poecile	Poecile atricapillus / gambeli
1042	07354	unid. Black-capped Chickadee / Boreal Chickadee	unid Mésange à tête noire / Mésange à tête brune	Poecile atricapillus / hudsonicus	Passeriformes	Paridae	Poecile	Poecile atricapillus / hudsonicus
1043	07351	unid. western chickadee species	unid Mésange sp. de l'Ouest	Poecile sp.	Passeriformes	Paridae	Poecile	Poecile sp.
1044	07340	Bridled Titmouse	Mésange arlequin	Baeolophus wollweberi	Passeriformes	Paridae	Baeolophus	Baeolophus wollweberi
1045	07330	Oak Titmouse	Mésange unicolore	Baeolophus inornatus	Passeriformes	Paridae	Baeolophus	Baeolophus inornatus
1046	07331	Juniper Titmouse	Mésange des genévriers	Baeolophus ridgwayi	Passeriformes	Paridae	Baeolophus	Baeolophus ridgwayi
1047	07332	unid. Oak Titmouse / Juniper Titmouse	unid unid Mésange unicolore / Mésange des genévrie	Baeolophus inornatus / ridgwayi	Passeriformes	Paridae	Baeolophus	Baeolophus inornatus / ridgwayi
1048	07310	Tufted Titmouse	Mésange bicolore	Baeolophus bicolor	Passeriformes	Paridae	Baeolophus	Baeolophus bicolor
1049	07320	Black-crested Titmouse	Mésange à plumet noir	Baeolophus atricristatus	Passeriformes	Paridae	Baeolophus	Baeolophus atricristatus
1050	07315	unid. Tufted Titmouse / Black-crested Titmouse	unid Mésange bicolore / Mésange à plumet noir	Baeolophus bicolor / atricristatus	Passeriformes	Paridae	Baeolophus	Baeolophus bicolor / atricristatus
1051	07460	Verdin	Auripare verdin	Auriparus flaviceps	Passeriformes	Remizidae	Auriparus	Auriparus flaviceps
1052	07430	Bushtit	Mésange buissonnière	Psaltriparus minimus	Passeriformes	Aegithalidae	Psaltriparus	Psaltriparus minimus
1053	07280	Red-breasted Nuthatch	Sittelle à poitrine rousse	Sitta canadensis	Passeriformes	Sittidae	Sitta	Sitta canadensis
1054	07270	White-breasted Nuthatch	Sittelle à poitrine blanche	Sitta carolinensis	Passeriformes	Sittidae	Sitta	Sitta carolinensis
1055	07300	Pygmy Nuthatch	Sittelle pygmée	Sitta pygmaea	Passeriformes	Sittidae	Sitta	Sitta pygmaea
1056	07290	Brown-headed Nuthatch	Sittelle à tête brune	Sitta pusilla	Passeriformes	Sittidae	Sitta	Sitta pusilla
1057	07260	Brown Creeper	Grimpereau brun	Certhia americana	Passeriformes	Certhiidae	Certhia	Certhia americana
1058	07150	Rock Wren	Troglodyte des rochers	Salpinctes obsoletus	Passeriformes	Troglodytidae	Salpinctes	Salpinctes obsoletus
1060	07170	Canyon Wren	Troglodyte des canyons	Catherpes mexicanus	Passeriformes	Troglodytidae	Catherpes	Catherpes mexicanus
1063	07210	House Wren	Troglodyte familier	Troglodytes aedon	Passeriformes	Troglodytidae	Troglodytes	Troglodytes aedon
1067	07221	Pacific Wren	Troglodyte de Baird	Troglodytes pacificus	Passeriformes	Troglodytidae	Troglodytes	Troglodytes pacificus
1068	07222	Winter Wren	Troglodyte des forêts	Troglodytes hiemalis	Passeriformes	Troglodytidae	Troglodytes	Troglodytes hiemalis
1069	07220	unid. Pacific Wren / Winter Wren	unid Troglodyte des forêts / Troglodyte de Baird	Troglodytes pacificus / hiemalis	Passeriformes	Troglodytidae	Troglodytes	Troglodytes pacificus / hiemalis
1070	07240	Sedge Wren	Troglodyte à bec court	Cistothorus platensis	Passeriformes	Troglodytidae	Cistothorus	Cistothorus platensis
1071	07250	Marsh Wren	Troglodyte des marais	Cistothorus palustris	Passeriformes	Troglodytidae	Cistothorus	Cistothorus palustris
1072	07180	Carolina Wren	Troglodyte de Caroline	Thryothorus ludovicianus	Passeriformes	Troglodytidae	Thryothorus	Thryothorus ludovicianus
1073	07190	Bewick's Wren	Troglodyte de Bewick	Thryomanes bewickii	Passeriformes	Troglodytidae	Thryomanes	Thryomanes bewickii
1081	07130	Cactus Wren	Troglodyte des cactus	Campylorhynchus brunneicapillus	Passeriformes	Troglodytidae	Campylorhynchus	Campylorhynchus brunneicapillus
1085	16600	Sinaloa Wren	Troglodyte du Sinaloa	Thryophilus sinaloa	Passeriformes	Troglodytidae	Thryophilus	Thryophilus sinaloa
1092	07510	Blue-gray Gnatcatcher	Gobemoucheron gris-bleu	Polioptila caerulea	Passeriformes	Polioptilidae	Polioptila	Polioptila caerulea
1093	07530	California Gnatcatcher	Gobemoucheron de Californie	Polioptila californica	Passeriformes	Polioptilidae	Polioptila	Polioptila californica
1094	07520	Black-tailed Gnatcatcher	Gobemoucheron à queue noire	Polioptila melanura	Passeriformes	Polioptilidae	Polioptila	Polioptila melanura
1095	07539	unid. Blue-gray / Black-tailed Gnatcatcher	unid Gobemoucheron gris-bleu / à queue noire	Polioptila caerulea / melanura	Passeriformes	Polioptilidae	Polioptila	Polioptila caerulea / melanura
1099	07010	American Dipper	Cincle d'Amérique	Cinclus mexicanus	Passeriformes	Cinclidae	Cinclus	Cinclus mexicanus
1102	07480	Golden-crowned Kinglet	Roitelet à couronne dorée	Regulus satrapa	Passeriformes	Regulidae	Regulus	Regulus satrapa
1103	07490	Ruby-crowned Kinglet	Roitelet à couronne rubis	Regulus calendula	Passeriformes	Regulidae	Regulus	Regulus calendula
1110	07470	Arctic Warbler	Pouillot boréal	Phylloscopus borealis	Passeriformes	Phylloscopidae	Phylloscopus	Phylloscopus borealis
1113	07420	Wrentit	Cama brune	Chamaea fasciata	Passeriformes	Sylviidae	Chamaea	Chamaea fasciata
1124	07640	Bluethroat	Gorgebleue à miroir	Luscinia svecica	Passeriformes	Muscicapidae	Luscinia	Luscinia svecica
1132	07650	Northern Wheatear	Traquet motteux	Oenanthe oenanthe	Passeriformes	Muscicapidae	Oenanthe	Oenanthe oenanthe
1133	07660	Eastern Bluebird	Merlebleu de l'Est	Sialia sialis	Passeriformes	Turdidae	Sialia	Sialia sialis
1134	07670	Western Bluebird	Merlebleu de l'Ouest	Sialia mexicana	Passeriformes	Turdidae	Sialia	Sialia mexicana
1135	07680	Mountain Bluebird	Merlebleu azuré	Sialia currucoides	Passeriformes	Turdidae	Sialia	Sialia currucoides
1136	07540	Townsend's Solitaire	Solitaire de Townsend	Myadestes townsendi	Passeriformes	Turdidae	Myadestes	Myadestes townsendi
1144	07560	Veery	Grive fauve	Catharus fuscescens	Passeriformes	Turdidae	Catharus	Catharus fuscescens
1145	07570	Gray-cheeked Thrush	Grive à joues grises	Catharus minimus	Passeriformes	Turdidae	Catharus	Catharus minimus
1146	07571	Bicknell's Thrush	Grive de Bicknell	Catharus bicknelli	Passeriformes	Turdidae	Catharus	Catharus bicknelli
1147	07580	Swainson's Thrush	Grive à dos olive	Catharus ustulatus	Passeriformes	Turdidae	Catharus	Catharus ustulatus
1148	07590	Hermit Thrush	Grive solitaire	Catharus guttatus	Passeriformes	Turdidae	Catharus	Catharus guttatus
1149	07550	Wood Thrush	Grive des bois	Hylocichla mustelina	Passeriformes	Turdidae	Hylocichla	Hylocichla mustelina
1162	07610	American Robin	Merle d'Amérique	Turdus migratorius	Passeriformes	Turdidae	Turdus	Turdus migratorius
1164	07630	Varied Thrush	Grive à collier	Ixoreus naevius	Passeriformes	Turdidae	Ixoreus	Ixoreus naevius
1169	07040	Gray Catbird	Moqueur chat	Dumetella carolinensis	Passeriformes	Mimidae	Dumetella	Dumetella carolinensis
1170	07070	Curve-billed Thrasher	Moqueur à bec courbe	Toxostoma curvirostre	Passeriformes	Mimidae	Toxostoma	Toxostoma curvirostre
1172	07050	Brown Thrasher	Moqueur roux	Toxostoma rufum	Passeriformes	Mimidae	Toxostoma	Toxostoma rufum
1173	07060	Long-billed Thrasher	Moqueur à long bec	Toxostoma longirostre	Passeriformes	Mimidae	Toxostoma	Toxostoma longirostre
1175	07080	Bendire's Thrasher	Moqueur de Bendire	Toxostoma bendirei	Passeriformes	Mimidae	Toxostoma	Toxostoma bendirei
1177	07100	California Thrasher	Moqueur de Californie	Toxostoma redivivum	Passeriformes	Mimidae	Toxostoma	Toxostoma redivivum
1178	07110	LeConte's Thrasher	Moqueur de LeConte	Toxostoma lecontei	Passeriformes	Mimidae	Toxostoma	Toxostoma lecontei
1179	07120	Crissal Thrasher	Moqueur cul-roux	Toxostoma crissale	Passeriformes	Mimidae	Toxostoma	Toxostoma crissale
1180	07020	Sage Thrasher	Moqueur des armoises	Oreoscoptes montanus	Passeriformes	Mimidae	Oreoscoptes	Oreoscoptes montanus
1181	07031	Bahama Mockingbird	Moqueur des Bahamas	Mimus gundlachii	Passeriformes	Mimidae	Mimus	Mimus gundlachii
1184	07030	Northern Mockingbird	Moqueur polyglotte	Mimus polyglottos	Passeriformes	Mimidae	Mimus	Mimus polyglottos
1185	04930	European Starling	Étourneau sansonnet	Sturnus vulgaris	Passeriformes	Sturnidae	Sturnus	Sturnus vulgaris
1186	04932	Common Myna	Martin triste	Acridotheres tristis	Passeriformes	Sturnidae	Acridotheres	Acridotheres tristis
1188	06180	Bohemian Waxwing	Jaseur boréal	Bombycilla garrulus	Passeriformes	Bombycillidae	Bombycilla	Bombycilla garrulus
1189	06190	Cedar Waxwing	Jaseur d'Amérique	Bombycilla cedrorum	Passeriformes	Bombycillidae	Bombycilla	Bombycilla cedrorum
1190	06185	unid. Cedar Waxwing / Bohemian Waxwing	unid Jaseur sp.	Bombycilla garrulus / cedrorum	Passeriformes	Bombycillidae	Bombycilla	Bombycilla garrulus / cedrorum
1192	06200	Phainopepla	Phénopèple luisant	Phainopepla nitens	Passeriformes	Ptiliogonatidae	Phainopepla	Phainopepla nitens
1193	06510	Olive Warbler	Fauvine des pins	Peucedramus taeniatus	Passeriformes	Peucedramidae	Peucedramus	Peucedramus taeniatus
1195	19500	Northern Red Bishop	Euplecte franciscain	Euplectes franciscanus	Passeriformes	Ploceidae	Euplectes	Euplectes franciscanus
1199	06882	House Sparrow	Moineau domestique	Passer domesticus	Passeriformes	Passeridae	Passer	Passer domesticus
1200	06883	Eurasian Tree Sparrow	Moineau friquet	Passer montanus	Passeriformes	Passeridae	Passer	Passer montanus
1201	06960	Eastern Yellow Wagtail	Bergeronnette de Béringie	Motacilla tschutschensis	Passeriformes	Motacillidae	Motacilla	Motacilla tschutschensis
1204	06940	White Wagtail	Bergeronnette grise	Motacilla alba	Passeriformes	Motacillidae	Motacilla	Motacilla alba
1208	06990	Red-throated Pipit	Pipit à gorge rousse	Anthus cervinus	Passeriformes	Motacillidae	Anthus	Anthus cervinus
1209	06970	American Pipit	Pipit d'Amérique	Anthus rubescens	Passeriformes	Motacillidae	Anthus	Anthus rubescens
1210	07000	Sprague's Pipit	Pipit de Sprague	Anthus spragueii	Passeriformes	Motacillidae	Anthus	Anthus spragueii
1220	05140	Evening Grosbeak	Gros-bec errant	Coccothraustes vespertinus	Passeriformes	Fringillidae	Coccothraustes	Coccothraustes vespertinus
1223	05150	Pine Grosbeak	Durbec des sapins	Pinicola enucleator	Passeriformes	Fringillidae	Pinicola	Pinicola enucleator
1226	05240	Gray-crowned Rosy-Finch	Roselin à tête grise	Leucosticte tephrocotis	Passeriformes	Fringillidae	Leucosticte	Leucosticte tephrocotis
1227	05250	Black Rosy-Finch	Roselin noir	Leucosticte atrata	Passeriformes	Fringillidae	Leucosticte	Leucosticte atrata
1228	05260	Brown-capped Rosy-Finch	Roselin à tête brune	Leucosticte australis	Passeriformes	Fringillidae	Leucosticte	Leucosticte australis
1229	05190	House Finch	Roselin familier	Haemorhous mexicanus	Passeriformes	Fringillidae	Haemorhous	Haemorhous mexicanus
1230	05170	Purple Finch	Roselin pourpré	Haemorhous purpureus	Passeriformes	Fringillidae	Haemorhous	Haemorhous purpureus
1231	05180	Cassin's Finch	Roselin de Cassin	Haemorhous cassinii	Passeriformes	Fringillidae	Haemorhous	Haemorhous cassinii
1232	05195	unid. Purple Finch / Cassin's Finch / House Finch	unid Roselin pourpré / de Cassin / familier	Carpodacus purpureus / cassinii / mexicanus	Passeriformes	Fringillidae	Carpodacus	Carpodacus purpureus / cassinii / mexicanus
1235	05280	Common Redpoll	Sizerin flammé	Acanthis flammea	Passeriformes	Fringillidae	Acanthis	Acanthis flammea
1236	05270	Hoary Redpoll	Sizerin blanchâtre	Acanthis hornemanni	Passeriformes	Fringillidae	Acanthis	Acanthis hornemanni
1237	05275	unid. Common Redpoll / Hoary Redpoll	unid Sizerin flame / Sizerin blanchâtre	Carduelis flammea / hornemanni	Passeriformes	Fringillidae	Carduelis	Carduelis flammea / hornemanni
1238	05210	Red Crossbill	Bec-croisé des sapins	Loxia curvirostra	Passeriformes	Fringillidae	Loxia	Loxia curvirostra
1240	05212	Unid. Red Crossbill / Cassia Crossbill	Unid Bec-croisé des sapins / de l'Idaho	Loxia curvirostra / sinesciuris	Passeriformes	Fringillidae	Loxia	Loxia curvirostra / sinesciuris
1241	05220	White-winged Crossbill	Bec-croisé bifascié	Loxia leucoptera	Passeriformes	Fringillidae	Loxia	Loxia leucoptera
1242	05225	unid. Red Crossbill / White-winged Crossbill	unid Bec-croisé des sapins / Bec-croisé bifascié	Loxia curvirostra / leucoptera	Passeriformes	Fringillidae	Loxia	Loxia curvirostra / leucoptera
1245	05330	Pine Siskin	Tarin des pins	Spinus pinus	Passeriformes	Fringillidae	Spinus	Spinus pinus
1248	05300	Lesser Goldfinch	Chardonneret mineur	Spinus psaltria	Passeriformes	Fringillidae	Spinus	Spinus psaltria
1249	05310	Lawrence's Goldfinch	Chardonneret gris	Spinus lawrencei	Passeriformes	Fringillidae	Spinus	Spinus lawrencei
1250	05290	American Goldfinch	Chardonneret jaune	Spinus tristis	Passeriformes	Fringillidae	Spinus	Spinus tristis
1251	05360	Lapland Longspur	Plectrophane lapon	Calcarius lapponicus	Passeriformes	Calcariidae	Calcarius	Calcarius lapponicus
1252	05380	Chestnut-collared Longspur	Plectrophane à ventre noir	Calcarius ornatus	Passeriformes	Calcariidae	Calcarius	Calcarius ornatus
1253	05370	Smith's Longspur	Plectrophane de Smith	Calcarius pictus	Passeriformes	Calcariidae	Calcarius	Calcarius pictus
1254	05390	McCown's Longspur	Plectrophane de McCown	Rhynchophanes mccownii	Passeriformes	Calcariidae	Rhynchophanes	Rhynchophanes mccownii
1255	05340	Snow Bunting	Plectrophane des neiges	Plectrophenax nivalis	Passeriformes	Calcariidae	Plectrophenax	Plectrophenax nivalis
1270	05860	Olive Sparrow	Tohi olive	Arremonops rufivirgatus	Passeriformes	Passerellidae	Arremonops	Arremonops rufivirgatus
1275	05900	Green-tailed Towhee	Tohi à queue verte	Pipilo chlorurus	Passeriformes	Passerellidae	Pipilo	Pipilo chlorurus
1276	05880	Spotted Towhee	Tohi tacheté	Pipilo maculatus	Passeriformes	Passerellidae	Pipilo	Pipilo maculatus
1277	05870	Eastern Towhee	Tohi à flancs roux	Pipilo erythrophthalmus	Passeriformes	Passerellidae	Pipilo	Pipilo erythrophthalmus
1278	05871	unid. Spotted Towhee / Eastern Towhee	unid Tohi tacheté / Tohi à flancs roux	Pipilo maculatus / erythrophthalmus	Passeriformes	Emberizidae	Pipilo	Pipilo maculatus / erythrophthalmus
1280	05800	Rufous-crowned Sparrow	Tohi à calotte fauve	Aimophila ruficeps	Passeriformes	Passerellidae	Aimophila	Aimophila ruficeps
1285	05910	Canyon Towhee	Tohi des canyons	Melozone fusca	Passeriformes	Passerellidae	Melozone	Melozone fusca
1287	05911	California Towhee	Tohi de Californie	Melozone crissalis	Passeriformes	Passerellidae	Melozone	Melozone crissalis
1288	05920	Abert's Towhee	Tohi d'Abert	Melozone aberti	Passeriformes	Passerellidae	Melozone	Melozone aberti
1290	05790	Rufous-winged Sparrow	Bruant à épaulettes	Peucaea carpalis	Passeriformes	Passerellidae	Peucaea	Peucaea carpalis
1294	05760	Botteri's Sparrow	Bruant de Botteri	Peucaea botterii	Passeriformes	Passerellidae	Peucaea	Peucaea botterii
1295	05780	Cassin's Sparrow	Bruant de Cassin	Peucaea cassinii	Passeriformes	Passerellidae	Peucaea	Peucaea cassinii
1296	05750	Bachman's Sparrow	Bruant des pinèdes	Peucaea aestivalis	Passeriformes	Passerellidae	Peucaea	Peucaea aestivalis
1298	05590	American Tree Sparrow	Bruant hudsonien	Spizelloides arborea	Passeriformes	Passerellidae	Spizelloides	Spizelloides arborea
1299	05600	Chipping Sparrow	Bruant familier	Spizella passerina	Passeriformes	Passerellidae	Spizella	Spizella passerina
1300	05610	Clay-colored Sparrow	Bruant des plaines	Spizella pallida	Passeriformes	Passerellidae	Spizella	Spizella pallida
1301	05620	Brewer's Sparrow	Bruant de Brewer	Spizella breweri	Passeriformes	Passerellidae	Spizella	Spizella breweri
1302	05630	Field Sparrow	Bruant des champs	Spizella pusilla	Passeriformes	Passerellidae	Spizella	Spizella pusilla
1304	05650	Black-chinned Sparrow	Bruant à menton noir	Spizella atrogularis	Passeriformes	Passerellidae	Spizella	Spizella atrogularis
1305	05400	Vesper Sparrow	Bruant vespéral	Pooecetes gramineus	Passeriformes	Passerellidae	Pooecetes	Pooecetes gramineus
1306	05520	Lark Sparrow	Bruant à joues marron	Chondestes grammacus	Passeriformes	Passerellidae	Chondestes	Chondestes grammacus
1308	05730	Black-throated Sparrow	Bruant à gorge noire	Amphispiza bilineata	Passeriformes	Passerellidae	Amphispiza	Amphispiza bilineata
1309	05738	Sagebrush Sparrow	Bruant des armoises	Artemisiospiza nevadensis	Passeriformes	Passerellidae	Artemisiospiza	Artemisiospiza nevadensis
1310	05739	Bell's Sparrow	Bruant de Bell	Artemisiospiza belli	Passeriformes	Passerellidae	Artemisiospiza	Artemisiospiza belli
1311	05740	unid. Sagebrush Sparrow / Bell's Sparrow	unid Bruant des armoises / Burant de Bell	Artemisiospiza nevadensis / belli	Passeriformes	Emberizidae	Artemisiospiza	Artemisiospiza nevadensis / belli
1312	06050	Lark Bunting	Bruant noir et blanc	Calamospiza melanocorys	Passeriformes	Passerellidae	Calamospiza	Calamospiza melanocorys
1313	05420	Savannah Sparrow	Bruant des prés	Passerculus sandwichensis	Passeriformes	Passerellidae	Passerculus	Passerculus sandwichensis
1314	05460	Grasshopper Sparrow	Bruant sauterelle	Ammodramus savannarum	Passeriformes	Passerellidae	Ammodramus	Ammodramus savannarum
1315	05450	Baird's Sparrow	Bruant de Baird	Ammodramus bairdii	Passeriformes	Passerellidae	Ammodramus	Ammodramus bairdii
1316	05470	Henslow's Sparrow	Bruant de Henslow	Ammodramus henslowii	Passeriformes	Passerellidae	Ammodramus	Ammodramus henslowii
1317	05480	LeConte's Sparrow	Bruant de LeConte	Ammodramus leconteii	Passeriformes	Passerellidae	Ammodramus	Ammodramus leconteii
1318	05491	Nelson's Sparrow	Bruant de Nelson	Ammodramus nelsoni	Passeriformes	Passerellidae	Ammodramus	Ammodramus nelsoni
1319	05490	Saltmarsh Sparrow	Bruant à queue aiguë	Ammodramus caudacutus	Passeriformes	Passerellidae	Ammodramus	Ammodramus caudacutus
1320	05500	Seaside Sparrow	Bruant maritime	Ammodramus maritimus	Passeriformes	Passerellidae	Ammodramus	Ammodramus maritimus
1322	05850	Fox Sparrow	Bruant fauve	Passerella iliaca	Passeriformes	Passerellidae	Passerella	Passerella iliaca
1323	05810	Song Sparrow	Bruant chanteur	Melospiza melodia	Passeriformes	Passerellidae	Melospiza	Melospiza melodia
1324	05830	Lincoln's Sparrow	Bruant de Lincoln	Melospiza lincolnii	Passeriformes	Passerellidae	Melospiza	Melospiza lincolnii
1325	05840	Swamp Sparrow	Bruant des marais	Melospiza georgiana	Passeriformes	Passerellidae	Melospiza	Melospiza georgiana
1327	05580	White-throated Sparrow	Bruant à gorge blanche	Zonotrichia albicollis	Passeriformes	Passerellidae	Zonotrichia	Zonotrichia albicollis
1328	05530	Harris's Sparrow	Bruant à face noire	Zonotrichia querula	Passeriformes	Passerellidae	Zonotrichia	Zonotrichia querula
1329	05540	White-crowned Sparrow	Bruant à couronne blanche	Zonotrichia leucophrys	Passeriformes	Passerellidae	Zonotrichia	Zonotrichia leucophrys
1330	05570	Golden-crowned Sparrow	Bruant à couronne dorée	Zonotrichia atricapilla	Passeriformes	Passerellidae	Zonotrichia	Zonotrichia atricapilla
1331	05670	(Slate-colored Junco) Dark-eyed Junco	Junco ardoisé (groupe hyemalis)	Junco hyemalis hyemalis	Passeriformes	Emberizidae	Junco	Junco hyemalis hyemalis
1332	05671	(Oregon Junco) Dark-eyed Junco	Junco ardoisé (groupe oreganus)	Junco hyemalis oreganus	Passeriformes	Emberizidae	Junco	Junco hyemalis oreganus
1333	05680	(Pink-sided Junco) Dark-eyed Junco	Junco ardoisé (groupe mearnsi)	Junco hyemalis mearnsi	Passeriformes	Emberizidae	Junco	Junco hyemalis mearnsi
1334	05660	(White-winged Junco) Dark-eyed Junco	Junco ardoisé (à ailes blanches)	Junco hyemalis aikeni	Passeriformes	Emberizidae	Junco	Junco hyemalis aikeni
1335	05690	(Gray-headed Junco) Dark-eyed Junco	Junco ardoisé (à tête grise)	Junco hyemalis caniceps	Passeriformes	Emberizidae	Junco	Junco hyemalis caniceps
1336	05677	(unid. race) Dark-eyed Junco	Junco ardoisé (groupe non identifié)	Junco hyemalis	Passeriformes	Passerellidae	Junco	Junco hyemalis
1338	05700	Yellow-eyed Junco	Junco aux yeux jaunes	Junco phaeonotus	Passeriformes	Passerellidae	Junco	Junco phaeonotus
1342	06830	Yellow-breasted Chat	Ictérie polyglotte	Icteria virens	Passeriformes	Icteriidae	Icteria	Icteria virens
1343	04970	Yellow-headed Blackbird	Carouge à tête jaune	Xanthocephalus xanthocephalus	Passeriformes	Icteridae	Xanthocephalus	Xanthocephalus xanthocephalus
1344	04940	Bobolink	Goglu des prés	Dolichonyx oryzivorus	Passeriformes	Icteridae	Dolichonyx	Dolichonyx oryzivorus
1345	05010	Eastern Meadowlark	Sturnelle des prés	Sturnella magna	Passeriformes	Icteridae	Sturnella	Sturnella magna
1346	05011	Western Meadowlark	Sturnelle de l'Ouest	Sturnella neglecta	Passeriformes	Icteridae	Sturnella	Sturnella neglecta
1347	05012	unid. Eastern Meadowlark / Western Meadowlark	unid Sturnelle des prés / Sturnelle de l'Ouest	Sturnella magna / neglecta	Passeriformes	Icteridae	Sturnella	Sturnella magna / neglecta
1355	05060	Orchard Oriole	Oriole des vergers	Icterus spurius	Passeriformes	Icteridae	Icterus	Icterus spurius
1356	05050	Hooded Oriole	Oriole masqué	Icterus cucullatus	Passeriformes	Icteridae	Icterus	Icterus cucullatus
1360	05080	Bullock's Oriole	Oriole de Bullock	Icterus bullockii	Passeriformes	Icteridae	Icterus	Icterus bullockii
1362	05032	Spot-breasted Oriole	Oriole maculé	Icterus pectoralis	Passeriformes	Icteridae	Icterus	Icterus pectoralis
1363	05031	Altamira Oriole	Oriole à gros bec	Icterus gularis	Passeriformes	Icteridae	Icterus	Icterus gularis
1364	05030	Audubon's Oriole	Oriole d'Audubon	Icterus graduacauda	Passeriformes	Icteridae	Icterus	Icterus graduacauda
1365	05070	Baltimore Oriole	Oriole de Baltimore	Icterus galbula	Passeriformes	Icteridae	Icterus	Icterus galbula
1366	05078	hybrid Bullock's Oriole x Baltimore Oriole	hybride Oriole de Baltimore x Oriole de Bullock's	Icterus bullockii x galbula	Passeriformes	Icteridae	Icterus	Icterus bullockii x galbula
1367	05077	unid. Bullock's Oriole / Baltimore Oriole	unid Oriole de Baltimore / Oriole de Bullock's	Icterus bullockii / galbula	Passeriformes	Icteridae	Icterus	Icterus bullockii / galbula
1369	05040	Scott's Oriole	Oriole jaune-verdâtre	Icterus parisorum	Passeriformes	Icteridae	Icterus	Icterus parisorum
1370	04980	Red-winged Blackbird	Carouge à épaulettes	Agelaius phoeniceus	Passeriformes	Icteridae	Agelaius	Agelaius phoeniceus
1371	05000	Tricolored Blackbird	Carouge de Californie	Agelaius tricolor	Passeriformes	Icteridae	Agelaius	Agelaius tricolor
1373	04961	Shiny Cowbird	Vacher luisant	Molothrus bonariensis	Passeriformes	Icteridae	Molothrus	Molothrus bonariensis
1374	04960	Bronzed Cowbird	Vacher bronzé	Molothrus aeneus	Passeriformes	Icteridae	Molothrus	Molothrus aeneus
1375	04950	Brown-headed Cowbird	Vacher à tête brune	Molothrus ater	Passeriformes	Icteridae	Molothrus	Molothrus ater
1377	04955	unid. Bronzed Cowbird / Brown-headed Cowbird	unid Vacher bronzé / à tête brune	Molothrus aeneus / ater	Passeriformes	Icteridae	Molothrus	Molothrus aeneus / ater
1379	05090	Rusty Blackbird	Quiscale rouilleux	Euphagus carolinus	Passeriformes	Icteridae	Euphagus	Euphagus carolinus
1380	05100	Brewer's Blackbird	Quiscale de Brewer	Euphagus cyanocephalus	Passeriformes	Icteridae	Euphagus	Euphagus cyanocephalus
1381	05110	Common Grackle	Quiscale bronzé	Quiscalus quiscula	Passeriformes	Icteridae	Quiscalus	Quiscalus quiscula
1382	05130	Boat-tailed Grackle	Quiscale des marais	Quiscalus major	Passeriformes	Icteridae	Quiscalus	Quiscalus major
1383	05120	Great-tailed Grackle	Quiscale à longue queue	Quiscalus mexicanus	Passeriformes	Icteridae	Quiscalus	Quiscalus mexicanus
1384	05135	unid. Boat-tailed Grackle / Great-tailed Grackle	unid Quiscale des marais / Quiscale à longue queue	Quiscalus major / mexicanus	Passeriformes	Icteridae	Quiscalus	Quiscalus major / mexicanus
1385	06740	Ovenbird	Paruline couronnée	Seiurus aurocapilla	Passeriformes	Parulidae	Seiurus	Seiurus aurocapilla
1386	06390	Worm-eating Warbler	Paruline vermivore	Helmitheros vermivorum	Passeriformes	Parulidae	Helmitheros	Helmitheros vermivorum
1387	06760	Louisiana Waterthrush	Paruline hochequeue	Parkesia motacilla	Passeriformes	Parulidae	Parkesia	Parkesia motacilla
1388	06750	Northern Waterthrush	Paruline des ruisseaux	Parkesia noveboracensis	Passeriformes	Parulidae	Parkesia	Parkesia noveboracensis
1389	06420	Golden-winged Warbler	Paruline à ailes dorées	Vermivora chrysoptera	Passeriformes	Parulidae	Vermivora	Vermivora chrysoptera
1390	06410	Blue-winged Warbler	Paruline à ailes bleues	Vermivora cyanoptera	Passeriformes	Parulidae	Vermivora	Vermivora cyanoptera
1391	06412	Brewster's Warbler (Golden-winged x Blue-winged)	Paruline de Brewster	Vermivora cyanoptera x chrysoptera	Passeriformes	Parulidae	Vermivora	Vermivora cyanoptera x chrysoptera
1392	06413	Lawrence's Warbler (Golden-winged x Blue-winged)	Paruline de Lawrence	Vermivora chrysoptera x cyanoptera	Passeriformes	Parulidae	Vermivora	Vermivora chrysoptera x cyanoptera
1393	06360	Black-and-white Warbler	Paruline noir et blanc	Mniotilta varia	Passeriformes	Parulidae	Mniotilta	Mniotilta varia
1394	06370	Prothonotary Warbler	Paruline orangée	Protonotaria citrea	Passeriformes	Parulidae	Protonotaria	Protonotaria citrea
1395	06380	Swainson's Warbler	Paruline de Swainson	Limnothlypis swainsonii	Passeriformes	Parulidae	Limnothlypis	Limnothlypis swainsonii
1397	06470	Tennessee Warbler	Paruline obscure	Oreothlypis peregrina	Passeriformes	Parulidae	Oreothlypis	Oreothlypis peregrina
1398	06460	Orange-crowned Warbler	Paruline verdâtre	Oreothlypis celata	Passeriformes	Parulidae	Oreothlypis	Oreothlypis celata
1400	06430	Lucy's Warbler	Paruline de Lucy	Oreothlypis luciae	Passeriformes	Parulidae	Oreothlypis	Oreothlypis luciae
1401	06450	Nashville Warbler	Paruline à joues grises	Oreothlypis ruficapilla	Passeriformes	Parulidae	Oreothlypis	Oreothlypis ruficapilla
1402	06440	Virginia's Warbler	Paruline de Virginia	Oreothlypis virginiae	Passeriformes	Parulidae	Oreothlypis	Oreothlypis virginiae
1403	06780	Connecticut Warbler	Paruline à gorge grise	Oporornis agilis	Passeriformes	Parulidae	Oporornis	Oporornis agilis
1405	06800	MacGillivray's Warbler	Paruline des buissons	Geothlypis tolmiei	Passeriformes	Parulidae	Geothlypis	Geothlypis tolmiei
1406	06790	Mourning Warbler	Paruline triste	Geothlypis philadelphia	Passeriformes	Parulidae	Geothlypis	Geothlypis philadelphia
1407	06770	Kentucky Warbler	Paruline du Kentucky	Geothlypis formosa	Passeriformes	Parulidae	Geothlypis	Geothlypis formosa
1411	06810	Common Yellowthroat	Paruline masquée	Geothlypis trichas	Passeriformes	Parulidae	Geothlypis	Geothlypis trichas
1413	06840	Hooded Warbler	Paruline à capuchon	Setophaga citrina	Passeriformes	Parulidae	Setophaga	Setophaga citrina
1414	06870	American Redstart	Paruline flamboyante	Setophaga ruticilla	Passeriformes	Parulidae	Setophaga	Setophaga ruticilla
1415	06700	Kirtland's Warbler	Paruline de Kirtland	Setophaga kirtlandii	Passeriformes	Parulidae	Setophaga	Setophaga kirtlandii
1416	06500	Cape May Warbler	Paruline tigrée	Setophaga tigrina	Passeriformes	Parulidae	Setophaga	Setophaga tigrina
1417	06580	Cerulean Warbler	Paruline azurée	Setophaga cerulea	Passeriformes	Parulidae	Setophaga	Setophaga cerulea
1418	06480	Northern Parula	Paruline à collier	Setophaga americana	Passeriformes	Parulidae	Setophaga	Setophaga americana
1419	06490	Tropical Parula	Paruline à joues noires	Setophaga pitiayumi	Passeriformes	Parulidae	Setophaga	Setophaga pitiayumi
1420	06570	Magnolia Warbler	Paruline à tête cendrée	Setophaga magnolia	Passeriformes	Parulidae	Setophaga	Setophaga magnolia
1421	06600	Bay-breasted Warbler	Paruline à poitrine baie	Setophaga castanea	Passeriformes	Parulidae	Setophaga	Setophaga castanea
1422	06620	Blackburnian Warbler	Paruline à gorge orangée	Setophaga fusca	Passeriformes	Parulidae	Setophaga	Setophaga fusca
1423	06520	Yellow Warbler	Paruline jaune	Setophaga petechia	Passeriformes	Parulidae	Setophaga	Setophaga petechia
1424	06590	Chestnut-sided Warbler	Paruline à flancs marron	Setophaga pensylvanica	Passeriformes	Parulidae	Setophaga	Setophaga pensylvanica
1425	06610	Blackpoll Warbler	Paruline rayée	Setophaga striata	Passeriformes	Parulidae	Setophaga	Setophaga striata
1426	06540	Black-throated Blue Warbler	Paruline bleue	Setophaga caerulescens	Passeriformes	Parulidae	Setophaga	Setophaga caerulescens
1427	06720	Palm Warbler	Paruline à couronne rousse	Setophaga palmarum	Passeriformes	Parulidae	Setophaga	Setophaga palmarum
1428	06710	Pine Warbler	Paruline des pins	Setophaga pinus	Passeriformes	Parulidae	Setophaga	Setophaga pinus
1429	06550	(Myrtle Warbler) Yellow-rumped Warbler	Paruline à croupion jaune (groupe coronata)	Setophaga coronata coronata	Passeriformes	Parulidae	Setophaga	Setophaga coronata coronata
1430	06560	(Audubon's Warbler) Yellow-rumped Warbler	Paruline à croupion jaune (groupe auduboni)	Setophaga coronata audoboni	Passeriformes	Parulidae	Setophaga	Setophaga coronata audoboni
1431	06556	(unid. Myrtle/Audubon's) Yellow-rumped Warbler	Par. à croupion jaune (sous-espèce non identifié)	Setophaga coronata	Passeriformes	Parulidae	Setophaga	Setophaga coronata
1432	06630	Yellow-throated Warbler	Paruline à gorge jaune	Setophaga dominica	Passeriformes	Parulidae	Setophaga	Setophaga dominica
1433	06730	Prairie Warbler	Paruline des prés	Setophaga discolor	Passeriformes	Parulidae	Setophaga	Setophaga discolor
1434	06640	Grace's Warbler	Paruline de Grace	Setophaga graciae	Passeriformes	Parulidae	Setophaga	Setophaga graciae
1435	06650	Black-throated Gray Warbler	Paruline grise	Setophaga nigrescens	Passeriformes	Parulidae	Setophaga	Setophaga nigrescens
1436	06680	Townsend's Warbler	Paruline de Townsend	Setophaga townsendi	Passeriformes	Parulidae	Setophaga	Setophaga townsendi
1437	06690	Hermit Warbler	Paruline à tête jaune	Setophaga occidentalis	Passeriformes	Parulidae	Setophaga	Setophaga occidentalis
1438	06686	hybrid Townsend's Warbler x Hermit Warbler	hybride Paruline de Townsend x à tête jaune	Icterus townsendi x occidentalis	Passeriformes	Icteridae	Icterus	Icterus townsendi x occidentalis
1439	06685	unid. Townsend's Warbler / Hermit Warbler	unid Paruline de Townsend / Paruline à tête jaune	Setophaga townsendi / occidentalis	Passeriformes	Parulidae	Setophaga	Setophaga townsendi / occidentalis
1440	06660	Golden-cheeked Warbler	Paruline à dos noir	Setophaga chrysoparia	Passeriformes	Parulidae	Setophaga	Setophaga chrysoparia
1441	06670	Black-throated Green Warbler	Paruline à gorge noire	Setophaga virens	Passeriformes	Parulidae	Setophaga	Setophaga virens
1446	06860	Canada Warbler	Paruline du Canada	Cardellina canadensis	Passeriformes	Parulidae	Cardellina	Cardellina canadensis
1447	06850	Wilson's Warbler	Paruline à calotte noire	Cardellina pusilla	Passeriformes	Parulidae	Cardellina	Cardellina pusilla
1448	06900	Red-faced Warbler	Paruline à face rouge	Cardellina rubrifrons	Passeriformes	Parulidae	Cardellina	Cardellina rubrifrons
1451	06880	Painted Redstart	Paruline à ailes blanches	Myioborus pictus	Passeriformes	Parulidae	Myioborus	Myioborus pictus
1454	06090	Hepatic Tanager	Piranga orangé	Piranga flava	Passeriformes	Cardinalidae	Piranga	Piranga flava
1455	06100	Summer Tanager	Piranga vermillon	Piranga rubra	Passeriformes	Cardinalidae	Piranga	Piranga rubra
1456	06080	Scarlet Tanager	Piranga écarlate	Piranga olivacea	Passeriformes	Cardinalidae	Piranga	Piranga olivacea
1457	06070	Western Tanager	Piranga à tête rouge	Piranga ludoviciana	Passeriformes	Cardinalidae	Piranga	Piranga ludoviciana
1465	05930	Northern Cardinal	Cardinal rouge	Cardinalis cardinalis	Passeriformes	Cardinalidae	Cardinalis	Cardinalis cardinalis
1466	05940	Pyrrhuloxia	Cardinal pyrrhuloxia	Cardinalis sinuatus	Passeriformes	Cardinalidae	Cardinalis	Cardinalis sinuatus
1467	05935	unid. Northern Cardinal / Pyrrhuloxia	unid Cardinal rouge / Cardinal pyrrhuloxia	Cardinalis cardinalis / sinuatus	Passeriformes	Cardinalidae	Cardinalis	Cardinalis cardinalis / sinuatus
1469	05950	Rose-breasted Grosbeak	Cardinal à poitrine rose	Pheucticus ludovicianus	Passeriformes	Cardinalidae	Pheucticus	Pheucticus ludovicianus
1470	05960	Black-headed Grosbeak	Cardinal à tête noire	Pheucticus melanocephalus	Passeriformes	Cardinalidae	Pheucticus	Pheucticus melanocephalus
1476	05970	Blue Grosbeak	Guiraca bleu	Passerina caerulea	Passeriformes	Cardinalidae	Passerina	Passerina caerulea
1477	05990	Lazuli Bunting	Passerin azuré	Passerina amoena	Passeriformes	Cardinalidae	Passerina	Passerina amoena
1478	05980	Indigo Bunting	Passerin indigo	Passerina cyanea	Passeriformes	Cardinalidae	Passerina	Passerina cyanea
1479	05986	hybrid Lazuli Bunting x Indigo Bunting	hybride Passerin azuré x Passerin indigo	Passerina amoena x cyanea	Passeriformes	Cardinalidae	Passerina	Passerina amoena x cyanea
1482	06000	Varied Bunting	Passerin varié	Passerina versicolor	Passeriformes	Cardinalidae	Passerina	Passerina versicolor
1483	06010	Painted Bunting	Passerin nonpareil	Passerina ciris	Passeriformes	Cardinalidae	Passerina	Passerina ciris
1484	06040	Dickcissel	Dickcissel d'Amérique	Spiza americana	Passeriformes	Cardinalidae	Spiza	Spiza americana
